Timestamp,1. ปัจจุบันท่านอายุ," 2. อายุงาน (ปี)
โปรดระบุเป็นตัวเลข เช่น 1 ปี 2 เดือน ระบุเป็น 1.2",3. ท่านทำงานอยู่ในหน่วยงานของรัฐหรือไม่,4. ตำแหน่งท่านในปัจจุบัน,5. ปัจจุบันท่านมีรายได้ต่อเดือน (โดยประมาณ),6. ภาระหนี้สินปัจจุบัน (โดยประมาณ),ท่านทราบหรือไม่ว่ารัฐบาลมีแนวคิดขยายอายุเกษียณราชการจากเดิม 60 ปี เป็น 65 ปี,ท่านทราบข้อมูลเกี่ยวกับนโยบายนี้จากแหล่งใด (ตอบได้มากกว่า 1 ข้อ),ท่านคิดว่าเหตุผลหลักที่รัฐบาลดำเนินนโยบายนี้คืออะไร (ตอบได้มากกว่า 1 ข้อ),1. ความคิดเห็นต่อนโยบายขยายอายุเกษียณราชการโดยรวม [ท่านคิดว่านโยบายขยายอายุเกษียณราชการเป็นประโยชน์ต่อภาครัฐและประเทศโดยรวม],1. ความคิดเห็นต่อนโยบายขยายอายุเกษียณราชการโดยรวม [ท่านคิดว่าการเข้าสู่สังคมสูงวัยระดับสุดยอด ส่งผลให้เกิดการขาดแคลนบุคลากรภาครัฐในอนาคต],1. ความคิดเห็นต่อนโยบายขยายอายุเกษียณราชการโดยรวม [ท่านคิดว่านโยบายขยายอายุเกษียณราชการ สามารถแก้ไขปัญหาการขาดแคลนบุคลากรภาครัฐได้],1. ความคิดเห็นต่อนโยบายขยายอายุเกษียณราชการโดยรวม [ท่านคิดว่าการใช้เทคโนโลยีสามารถลดภาระงานของเจ้าหน้าที่รัฐได้ โดยไม่จำเป็นต้องคง/เพิ่มจำนวนบุคลากรภาครัฐ],1. ความคิดเห็นต่อนโยบายขยายอายุเกษียณราชการโดยรวม [ท่านคิดว่างานราชการบางประเภทยังต้องอาศัยบุคลากรที่มีประสบการณ์ ไม่สามารถใช้เทคโนโลยีมาทดแทนได้ทั้งหมด],1. ความคิดเห็นต่อนโยบายขยายอายุเกษียณราชการโดยรวม [ท่านเห็นด้วยกับนโยบายขยายอายุเกษียณราชการ],2. ความคิดเห็นและการรับรู้ผลกระทบต่อองค์กรและสังคม [1. ท่านคิดว่าข้าราชการอายุ 60 - 65 ปี สามารถทำงานได้อย่างมีประสิทธิภาพ],2. ความคิดเห็นและการรับรู้ผลกระทบต่อองค์กรและสังคม [2. ท่านคิดว่าการขยายอายุเกษียณราชการเป็นการลดโอกาสจ้างงานเด็กจบใหม่],2. ความคิดเห็นและการรับรู้ผลกระทบต่อองค์กรและสังคม [3. ท่านคิดว่าการจ้างงานบุคคลที่มีประสบการณ์ ส่งผลให้รัฐลดต้นทุนในการฝึก/สอนงานบุคลากรที่ไม่มีประสบการณ์],2. ความคิดเห็นและการรับรู้ผลกระทบต่อองค์กรและสังคม [4. ท่านคิดว่าการขยายอายุเกษียณราชการเป็นภาระงบประมาณ เนื่องจากบุคลากรที่มีอายุมาก จะมีอัตราเงินเดือนสูงกว่าราชการบรรจุใหม่],2. ความคิดเห็นและการรับรู้ผลกระทบต่อองค์กรและสังคม [5. ท่านคิดว่าการทำงานกับบุคลากรอายุ 60 - 65 ปี อาจมีความท้าทายในการประสานงาน],2. ความคิดเห็นและการรับรู้ผลกระทบต่อองค์กรและสังคม [6. ท่านคิดว่าการจ้างงานบุคลากรอายุมากกว่า 60 ปี ส่งผลให้ผู้สูงอายุรู้สึกมีคุณค่าในตัวเอง],3. ความคิดเห็นต่อผลกระทบของตนเอง [1. ท่านคิดว่านโยบายนี้ทำให้โอกาสในการเลื่อนตำแหน่งของท่านลดลง],3. ความคิดเห็นต่อผลกระทบของตนเอง [2. ท่านคิดว่านโยบายนี้ส่งผลดีต่อความมั่นคงและรายได้ของท่าน],3. ความคิดเห็นต่อผลกระทบของตนเอง [3. ท่านคิดว่าตนเองจะมีสุขภาพร่างกายและจิตใจที่พร้อมจะทำงานจนถึงอายุ 65 ปี],3. ความคิดเห็นต่อผลกระทบของตนเอง [4. ท่านกังวลว่าสิทธิในการรับบำเหน็จบำนาญของท่านอาจมีการเปลี่ยนแปลงหรือได้รับผลกระทบจากนโยบายนี้],3. ความคิดเห็นต่อผลกระทบของตนเอง [5. ท่านยินดีจะเข้าร่วมนโยบายดังกล่าว หากภาครัฐเปิดโอกาสให้เลือกขยายอายุเกษียณราขการ],1. หากนโยบายขยายอายุเกษียณมีผลบังคับใช้ ท่านคิดว่าควรมีเงื่อนไขหรือมาตรการเพิ่มเติมอย่างไร,2. ท่านมีความกังวลหรือข้อห่วงใยเกี่ยวกับนโยบายนี้หรือไม่ โปรดอธิบาย,3. ท่านมีข้อเสนอแนะอื่นๆ เพิ่มเติมเกี่ยวกับนโยบายขยายอายุเกษียณราชการหรือไม่
2/9/2026 15:47:31,18 - 29 ปี (พ.ศ. 2551 - 2540),6 เดือน,ใช่,(ประเภทวิชาการ) ปฏิบัติการ,"15,000 - 30,000 บาท",ไม่มีหนี้สิน,ทราบและเข้าใจรายละเอียดดี,หน่วยงานที่สังกัด,แก้ไขปัญหาการขาดแคลนกำลังคน,5,4,4,4,4,4,5,4,4,4,4,5,4,4,4,5,4,"ให้ข้าราชการเลือกได้ว่าจะเกษียณเมื่ออายุ 60 หรือ 65 ปี, ปรับลดภาระงานหรือเวลาทํางานสำหรับข้าราชการผู้สูงอายุ",ห่วง เพราะอายุ65เหมือนจะแก่ไป,
2/9/2026 15:53:43,18 - 29 ปี (พ.ศ. 2551 - 2540),3.3,ใช่,(ประเภทวิชาการ) ปฏิบัติการ,"15,000 - 30,000 บาท",ไม่มีหนี้สิน,เคยได้ยินแต่ไม่ทราบรายละเอียด,"สื่อออนไลน์ โซเชียลมีเดีย, เพื่อนร่วมงาน",ไม่ทราบ/ไม่แน่ใจ,3,1,1,3,4,3,3,4,2,5,2,3,1,1,1,3,1,"ให้ข้าราชการเลือกได้ว่าจะเกษียณเมื่ออายุ 60 หรือ 65 ปี, ควรมีช่วงเวลาทดลองใช้นโยบายก่อนบังคับใช้เต็มรูปแบบ",,
2/9/2026 16:40:57,46 - 60 ปี (พ.ศ. 2523 - 2509),11.7,ใช่,(ประเภทวิชาการ) ชำนาญการ,"30,001 - 45,000 บาท","มากกว่า 1,000,000 บาท",ทราบและเข้าใจรายละเอียดดี,หน่วยงานที่สังกัด,ลดภาระงบประมาณบำเหน็จบำนาญ,3,4,3,4,5,2,3,3,3,3,3,4,3,3,3,3,1,"ให้ข้าราชการเลือกได้ว่าจะเกษียณเมื่ออายุ 60 หรือ 65 ปี, เปิดโอกาสให้คนรุ่นใหม่เข้ามาทํางานมากขึ้นควบคู่ไปด้วย",-,-
2/9/2026 16:53:17,30 - 45 ปี (พ.ศ. 2539 -2524),19.5,ใช่,อื่น ๆ เช่น พนักงานราชการ / outsource,"30,001 - 45,000 บาท","มากกว่า 1,000,000 บาท",ทราบแต่ไม่แน่ใจในรายละเอียด,"เพื่อนร่วมงาน, หน่วยงานที่สังกัด",แก้ไขปัญหาการขาดแคลนกำลังคน,2,3,3,4,4,2,4,2,3,4,2,2,2,3,2,2,2,ให้ข้าราชการเลือกได้ว่าจะเกษียณเมื่ออายุ 60 หรือ 65 ปี,,
2/10/2026 9:55:55,30 - 45 ปี (พ.ศ. 2539 -2524),5 ปี 3 เดือน,ใช่,(ประเภทวิชาการ) ชำนาญการ,"15,000 - 30,000 บาท",ไม่มีหนี้สิน,ทราบแต่ไม่แน่ใจในรายละเอียด,"หนังสือพิมพ์ โทรทัศน์, สื่อออนไลน์ โซเชียลมีเดีย, เพื่อนร่วมงาน, หน่วยงานที่สังกัด, การประชุม/สัมมนา, เว็บไซต์ราชการ","รองรับสังคมผู้สูงอายุ, ลดภาระงบประมาณบำเหน็จบำนาญ",4,5,1,4,4,4,3,5,3,4,5,4,4,4,5,4,3,"ให้ข้าราชการเลือกได้ว่าจะเกษียณเมื่ออายุ 60 หรือ 65 ปี, เพิ่มสวัสดิการด้านสุขภาพสำหรับข้าราชการผู้สูงอายุ, จัดให้มีการตรวจสุขภาพประจำปีฟรีสำหรับข้าราชการอายุ 60 ปีขึ้นไป",นโยบายการขยายอายุเกษียณราชการเป็นนโยบายที่แก้ปัญหาที่ปลายเหตุ เนื่องจากการทำงานในสังคมราชการที่คนทำงานหน้างานจริงๆคือข้าราชการระดับเจ้าหน้าที่เป็นส่วนใหญ่ ทำให้ข้าราชการที่ขยายอายุเกษียณแทบจะไม่มีความสำคัญในการทำงานดังกล่าวนอกจากเป็นคนกำหนดนโยบาย ซึ่งหน้าที่ดังกล่าวข้าราชการในช่วงอายุ 50-60 ปี ก็สามารถทำแทนได้เช่นกัน นโยบายดังกล่าวไม่ผิด แต่อาจจะแก้ไม่ถูกจุด 100% และอาจจะต้องมีนโยบายอื่นมาช่วยเสริมเพื่อรองรับสังคมผู้สูงอายุระดับสุดยอดในอนาคต เช่น การมีนโยบายสร้างสภาพแวดล้อมเพื่อให้เด็กรุ่นใหม่อยากมีลูก,
2/10/2026 10:05:32,18 - 29 ปี (พ.ศ. 2551 - 2540),2.4,ใช่,อื่น ๆ เช่น พนักงานราชการ / outsource,"15,000 - 30,000 บาท",ไม่มีหนี้สิน,ทราบแต่ไม่แน่ใจในรายละเอียด,"สื่อออนไลน์ โซเชียลมีเดีย, เพื่อนร่วมงาน","แก้ไขปัญหาการขาดแคลนกำลังคน, รองรับสังคมผู้สูงอายุ, ใช้ประโยชน์จากประสบการณ์ผู้มีอาวุโส",3,5,4,4,5,3,3,4,5,5,4,3,4,3,5,3,3,"ให้ข้าราชการเลือกได้ว่าจะเกษียณเมื่ออายุ 60 หรือ 65 ปี, เปิดโอกาสให้คนรุ่นใหม่เข้ามาทํางานมากขึ้นควบคู่ไปด้วย, ควรมีช่วงเวลาทดลองใช้นโยบายก่อนบังคับใช้เต็มรูปแบบ",,
2/10/2026 10:39:38,46 - 60 ปี (พ.ศ. 2523 - 2509),8,ใช่,(ประเภทวิชาการ) ชำนาญการ,"15,000 - 30,000 บาท",ไม่มีหนี้สิน,ทราบแต่ไม่แน่ใจในรายละเอียด,"หนังสือพิมพ์ โทรทัศน์, สื่อออนไลน์ โซเชียลมีเดีย, เพื่อนร่วมงาน",แก้ไขปัญหาการขาดแคลนกำลังคน,1,4,1,1,5,1,1,5,2,1,1,1,5,1,5,5,1,"ให้ข้าราชการเลือกได้ว่าจะเกษียณเมื่ออายุ 60 หรือ 65 ปี, ไม่ควรมีมาตรการเพิ่มเติม เพราะการเพิ่มสิทธิประโยชน์จะยิ่งเป็นการสิ้นเปลืองโดยไม่จำเป็น",ไม่กังวล เนื่องจากปัจจุบันก็มีความสุขกับชีวิตราชการ,ควรขยายอายุแบบไม่เพิ่มสิทธิประโยชน์ใดๆ เพราะขยายอายุเกษียณก็ถือว่าได้ช่วยเพิ่มผลประโยชน์ของข้าราชการอยู่แล้ว
2/10/2026 11:11:36,30 - 45 ปี (พ.ศ. 2539 -2524),6ปี 2เดือน,ใช่,(ประเภทวิชาการ) ชำนาญการ,"15,000 - 30,000 บาท",ไม่มีหนี้สิน,ทราบแต่ไม่แน่ใจในรายละเอียด,"สื่อออนไลน์ โซเชียลมีเดีย, การพูดคุยกับเพื่อนร่วมงาน (เม้ามอย)","แก้ไขปัญหาการขาดแคลนกำลังคน, รองรับสังคมผู้สูงอายุ, ใช้ประโยชน์จากประสบการณ์ผู้มีอาวุโส",4,3,3,4,2,1,2,5,3,5,5,4,4,5,2,3,2,"จัดให้มีการตรวจสุขภาพประจำปีฟรีสำหรับข้าราชการอายุ 60 ปีขึ้นไป, ปรับลดภาระงานหรือเวลาทํางานสำหรับข้าราชการผู้สูงอายุ, เปิดโอกาสให้คนรุ่นใหม่เข้ามาทํางานมากขึ้นควบคู่ไปด้วย, ควรมีช่วงเวลาทดลองใช้นโยบายก่อนบังคับใช้เต็มรูปแบบ",กลัวตอนอายุ 65 ปีจะสุขภาพไม่ดีจนมีผลต่อการทำงาน,ให้เฉพาะผู้ที่สมัครใจ
2/10/2026 11:18:43,30 - 45 ปี (พ.ศ. 2539 -2524),6.5,ใช่,(ประเภทวิชาการ) ชำนาญการ,"15,000 - 30,000 บาท","100,001 - 500,000 บาท",ทราบแต่ไม่แน่ใจในรายละเอียด,"สื่อออนไลน์ โซเชียลมีเดีย, เพื่อนร่วมงาน","แก้ไขปัญหาการขาดแคลนกำลังคน, รองรับสังคมผู้สูงอายุ, ลดภาระงบประมาณบำเหน็จบำนาญ",4,3,5,5,4,2,4,3,3,4,4,4,5,3,2,5,2,"ให้ข้าราชการเลือกได้ว่าจะเกษียณเมื่ออายุ 60 หรือ 65 ปี, เพิ่มสวัสดิการด้านสุขภาพสำหรับข้าราชการผู้สูงอายุ, จัดให้มีการตรวจสุขภาพประจำปีฟรีสำหรับข้าราชการอายุ 60 ปีขึ้นไป, ควรมีช่วงเวลาทดลองใช้นโยบายก่อนบังคับใช้เต็มรูปแบบ",ในการดำเนินนโนยายฯ อาจกระทบต่อการวางแผนในอายุราชการ รวมทั้งในการดำเนินการอาจเพิ่มช่วงของอายุเพิ่มมากขึ้น ซึ่งอาจมีผลต่อการปฏิบัติงานร่วมกันในองค์กร,"1) ควรมีการนำร่องในประเภทงานที่ขาดแคลน หรือเป็นตำแหน่งที่สำคัญ และจำเป็นต้องอาศัยความเชี่ยวชายในการดำเนินการก่อน เพื่อศึกษาความเหมาะสม
2) ควรมีการทดลองเริ่มตั้งแต่ 1 ปี เป็นต้นไปเพื่อให้ผู้เกษียณสามารถสำรวจตัวเองได้ว่าเหมาะสมที่จะอยู่ในองค์กรต่อไปหรือไม่"
2/10/2026 11:23:11,30 - 45 ปี (พ.ศ. 2539 -2524),2,ใช่,(ประเภทวิชาการ) ปฏิบัติการ,"15,000 - 30,000 บาท",ไม่มีหนี้สิน,ทราบแต่ไม่แน่ใจในรายละเอียด,"สื่อออนไลน์ โซเชียลมีเดีย, เพื่อนร่วมงาน",รองรับสังคมผู้สูงอายุ,3,4,3,4,4,3,3,3,3,4,4,4,3,4,3,4,3,ให้ข้าราชการเลือกได้ว่าจะเกษียณเมื่ออายุ 60 หรือ 65 ปี,,
2/10/2026 11:35:05,18 - 29 ปี (พ.ศ. 2551 - 2540),0.6,ใช่,(ประเภททั่วไป) ปฏิบัติงาน,"15,000 - 30,000 บาท",ไม่มีหนี้สิน,เคยได้ยินแต่ไม่ทราบรายละเอียด,เพื่อนร่วมงาน,รองรับสังคมผู้สูงอายุ,4,5,5,4,4,4,4,5,5,5,5,5,5,5,3,5,3,"ให้ข้าราชการเลือกได้ว่าจะเกษียณเมื่ออายุ 60 หรือ 65 ปี, เพิ่มสวัสดิการด้านสุขภาพสำหรับข้าราชการผู้สูงอายุ, จัดให้มีการตรวจสุขภาพประจำปีฟรีสำหรับข้าราชการอายุ 60 ปีขึ้นไป, เปิดโอกาสให้คนรุ่นใหม่เข้ามาทํางานมากขึ้นควบคู่ไปด้วย, ควรมีช่วงเวลาทดลองใช้นโยบายก่อนบังคับใช้เต็มรูปแบบ",การเลื่อนขั้นช้าลง,
2/14/2026 13:19:38,30 - 45 ปี (พ.ศ. 2539 -2524),2.5,ใช่,(ประเภทวิชาการ) ปฏิบัติการ,"15,000 - 30,000 บาท","น้อยกว่า 100,000 บาท",ทราบแต่ไม่แน่ใจในรายละเอียด,"หนังสือพิมพ์ โทรทัศน์, สื่อออนไลน์ โซเชียลมีเดีย, เพื่อนร่วมงาน","แก้ไขปัญหาการขาดแคลนกำลังคน, ลดภาระงบประมาณบำเหน็จบำนาญ",4,5,4,5,5,4,4,5,3,4,5,5,4,4,2,3,4,"เพิ่มสวัสดิการด้านสุขภาพสำหรับข้าราชการผู้สูงอายุ, ปรับลดภาระงานหรือเวลาทํางานสำหรับข้าราชการผู้สูงอายุ, เปิดโอกาสให้คนรุ่นใหม่เข้ามาทํางานมากขึ้นควบคู่ไปด้วย",ไม่,ควรปรับสวัสดิการให้สอดคล้องกับอายุข้าราชการ
2/14/2026 20:11:00,18 - 29 ปี (พ.ศ. 2551 - 2540),2.7,ใช่,(ประเภทวิชาการ) ปฏิบัติการ,"15,000 - 30,000 บาท",ไม่มีหนี้สิน,ทราบแต่ไม่แน่ใจในรายละเอียด,"หนังสือพิมพ์ โทรทัศน์, สื่อออนไลน์ โซเชียลมีเดีย","แก้ไขปัญหาการขาดแคลนกำลังคน, รองรับสังคมผู้สูงอายุ, ลดภาระงบประมาณบำเหน็จบำนาญ",2,5,3,5,5,3,2,5,5,5,5,5,3,5,1,5,1,"ให้ข้าราชการเลือกได้ว่าจะเกษียณเมื่ออายุ 60 หรือ 65 ปี, เพิ่มสวัสดิการด้านสุขภาพสำหรับข้าราชการผู้สูงอายุ, เปิดโอกาสให้คนรุ่นใหม่เข้ามาทํางานมากขึ้นควบคู่ไปด้วย",,
2/16/2026 11:20:36,18 - 29 ปี (พ.ศ. 2551 - 2540),1,ใช่,อื่น ๆ เช่น พนักงานราชการ / outsource,"15,000 - 30,000 บาท","น้อยกว่า 100,000 บาท",ทราบแต่ไม่แน่ใจในรายละเอียด,หนังสือพิมพ์ โทรทัศน์,ใช้ประโยชน์จากประสบการณ์ผู้มีอาวุโส,3,3,2,4,3,3,3,3,3,4,2,3,4,3,1,2,1,เปิดโอกาสให้คนรุ่นใหม่เข้ามาทํางานมากขึ้นควบคู่ไปด้วย,,
2/16/2026 11:29:41,30 - 45 ปี (พ.ศ. 2539 -2524),10,ใช่,(ประเภทวิชาการ) ชำนาญการ,"30,001 - 45,000 บาท",ไม่มีหนี้สิน,ทราบแต่ไม่แน่ใจในรายละเอียด,"หนังสือพิมพ์ โทรทัศน์, สื่อออนไลน์ โซเชียลมีเดีย, เพื่อนร่วมงาน","แก้ไขปัญหาการขาดแคลนกำลังคน, รองรับสังคมผู้สูงอายุ",4,4,3,4,4,2,2,4,3,4,4,2,4,2,1,3,2,ควรมีช่วงเวลาทดลองใช้นโยบายก่อนบังคับใช้เต็มรูปแบบ,"ถ้าเป้าหมายของภาครัฐเพราะกังวลว่า ผู้สุงอายุที่ไม่มีงานทำ จะขาดรายได้ 
ควรไปทดลองใช้กับภาคเอกชนมากกว่า",
2/16/2026 11:45:41,30 - 45 ปี (พ.ศ. 2539 -2524),7 ปี 11 เดือน,ใช่,(ประเภทวิชาการ) ชำนาญการ,"15,000 - 30,000 บาท","มากกว่า 1,000,000 บาท",เคยได้ยินแต่ไม่ทราบรายละเอียด,สื่อออนไลน์ โซเชียลมีเดีย,ลดภาระงบประมาณบำเหน็จบำนาญ,4,3,4,5,3,3,2,2,3,5,3,3,4,5,2,4,2,"ให้ข้าราชการเลือกได้ว่าจะเกษียณเมื่ออายุ 60 หรือ 65 ปี, เปิดโอกาสให้คนรุ่นใหม่เข้ามาทํางานมากขึ้นควบคู่ไปด้วย, ควรมีช่วงเวลาทดลองใช้นโยบายก่อนบังคับใช้เต็มรูปแบบ",,
2/16/2026 12:14:21,30 - 45 ปี (พ.ศ. 2539 -2524),10 ปี 10 เดือน,ใช่,(ประเภทวิชาการ) ชำนาญการ,"30,001 - 45,000 บาท","มากกว่า 1,000,000 บาท",เคยได้ยินแต่ไม่ทราบรายละเอียด,"เพื่อนร่วมงาน, หน่วยงานที่สังกัด","แก้ไขปัญหาการขาดแคลนกำลังคน, รองรับสังคมผู้สูงอายุ",4,4,4,4,4,4,4,2,4,3,3,3,2,3,4,4,4,"ให้ข้าราชการเลือกได้ว่าจะเกษียณเมื่ออายุ 60 หรือ 65 ปี, จัดให้มีการตรวจสุขภาพประจำปีฟรีสำหรับข้าราชการอายุ 60 ปีขึ้นไป",,
2/16/2026 13:08:05,30 - 45 ปี (พ.ศ. 2539 -2524),3.1,ใช่,(ประเภทวิชาการ) ปฏิบัติการ,"15,000 - 30,000 บาท","100,001 - 500,000 บาท",ทราบแต่ไม่แน่ใจในรายละเอียด,"สื่อออนไลน์ โซเชียลมีเดีย, เพื่อนร่วมงาน","รองรับสังคมผู้สูงอายุ, ลดภาระงบประมาณบำเหน็จบำนาญ",4,3,4,3,3,5,2,4,3,4,3,3,4,4,1,5,1,"ให้ข้าราชการเลือกได้ว่าจะเกษียณเมื่ออายุ 60 หรือ 65 ปี, เปิดโอกาสให้คนรุ่นใหม่เข้ามาทํางานมากขึ้นควบคู่ไปด้วย",,
2/16/2026 20:06:29,30 - 45 ปี (พ.ศ. 2539 -2524),8,ใช่,(ประเภททั่วไป) ปฏิบัติงาน,"15,000 - 30,000 บาท","น้อยกว่า 100,000 บาท",ทราบและเข้าใจรายละเอียดดี,หน่วยงานที่สังกัด,"แก้ไขปัญหาการขาดแคลนกำลังคน, รองรับสังคมผู้สูงอายุ, ใช้ประโยชน์จากประสบการณ์ผู้มีอาวุโส",2,2,2,4,4,2,2,4,2,4,4,3,4,2,2,2,2,"ให้ข้าราชการเลือกได้ว่าจะเกษียณเมื่ออายุ 60 หรือ 65 ปี, ควรมีช่วงเวลาทดลองใช้นโยบายก่อนบังคับใช้เต็มรูปแบบ",ส่งผลต่อการถ่ายทอดงานสู่คนรุ่นหลัง,
2/16/2026 20:32:45,30 - 45 ปี (พ.ศ. 2539 -2524),5,ใช่,อื่น ๆ เช่น พนักงานราชการ / outsource,"15,000 - 30,000 บาท",ไม่มีหนี้สิน,ทราบแต่ไม่แน่ใจในรายละเอียด,"สื่อออนไลน์ โซเชียลมีเดีย, เว็บไซต์ราชการ","รองรับสังคมผู้สูงอายุ, ใช้ประโยชน์จากประสบการณ์ผู้มีอาวุโส",1,5,1,3,4,2,2,5,4,4,3,4,2,2,1,3,3,"ให้ข้าราชการเลือกได้ว่าจะเกษียณเมื่ออายุ 60 หรือ 65 ปี, เพิ่มสวัสดิการด้านสุขภาพสำหรับข้าราชการผู้สูงอายุ, จัดให้มีการตรวจสุขภาพประจำปีฟรีสำหรับข้าราชการอายุ 60 ปีขึ้นไป, เปิดโอกาสให้คนรุ่นใหม่เข้ามาทํางานมากขึ้นควบคู่ไปด้วย, ควรมีช่วงเวลาทดลองใช้นโยบายก่อนบังคับใช้เต็มรูปแบบ",-,-
2/16/2026 20:33:26,18 - 29 ปี (พ.ศ. 2551 - 2540),2 ปี 4 เดือน,ใช่,(ประเภทวิชาการ) ปฏิบัติการ,"15,000 - 30,000 บาท",ไม่มีหนี้สิน,เคยได้ยินแต่ไม่ทราบรายละเอียด,"สื่อออนไลน์ โซเชียลมีเดีย, เพื่อนร่วมงาน","แก้ไขปัญหาการขาดแคลนกำลังคน, รองรับสังคมผู้สูงอายุ, ใช้ประโยชน์จากประสบการณ์ผู้มีอาวุโส",4,1,1,5,5,3,1,5,2,5,4,5,5,3,1,3,3,"ให้ข้าราชการเลือกได้ว่าจะเกษียณเมื่ออายุ 60 หรือ 65 ปี, เปิดโอกาสให้คนรุ่นใหม่เข้ามาทํางานมากขึ้นควบคู่ไปด้วย, ควรมีช่วงเวลาทดลองใช้นโยบายก่อนบังคับใช้เต็มรูปแบบ",ทุกหน่วยวานรัฐ มีคนที่อยู่สบาย งานไม่ทำ ยิ่งเป็นระดับหัวหน้าคือสั่งลูกน้อง ตัวเองไม่ทำงาน คนแบบนี้ควรออกไป และก็พวกที่คิดว่าตนเองทำงานะเอียด แต่ความเป็นจริงมันคือตัวฉุดรั้งให้การทำงานล่าช้า,ใช้กับบุคลากรบางประเทศ เช่น อัยการ ผู้พิพากษา นวก.การเงิน นวก.พัสดุ ต้องใช้ประสบการณ์ความรู้ความสามารถระดับสูง และถ่ายมอดให้คนรุ่นก่อนตนเองจะสละตำแหน่งไป 
2/16/2026 20:42:50,61 ปีขึ้นไป (พ.ศ.2508),รับราช44,ใช่,(ประเภททั่วไป) ปฏิบัติงาน,"ต่ำกว่า 15,000 บาท",ไม่มีหนี้สิน,ทราบและเข้าใจรายละเอียดดี,หนังสือพิมพ์ โทรทัศน์,รองรับสังคมผู้สูงอายุ,4,4,5,4,5,4,3,4,5,3,4,3,5,3,4,4,5,เปิดโอกาสให้คนรุ่นใหม่เข้ามาทํางานมากขึ้นควบคู่ไปด้วย,ห่วงใยมาก,ไม่มี
2/16/2026 20:56:24,30 - 45 ปี (พ.ศ. 2539 -2524),10.9,ใช่,(ประเภทวิชาการ) ชำนาญการ,"30,001 - 45,000 บาท","100,001 - 500,000 บาท",ทราบแต่ไม่แน่ใจในรายละเอียด,"สื่อออนไลน์ โซเชียลมีเดีย, เพื่อนร่วมงาน","แก้ไขปัญหาการขาดแคลนกำลังคน, รองรับสังคมผู้สูงอายุ, ลดภาระงบประมาณบำเหน็จบำนาญ, ใช้ประโยชน์จากประสบการณ์ผู้มีอาวุโส, ตอบสนองแนวโน้มระดับสากล",5,5,4,3,5,4,4,2,5,2,2,5,3,5,4,5,3,"ให้ข้าราชการเลือกได้ว่าจะเกษียณเมื่ออายุ 60 หรือ 65 ปี, เพิ่มสวัสดิการด้านสุขภาพสำหรับข้าราชการผู้สูงอายุ, จัดให้มีการตรวจสุขภาพประจำปีฟรีสำหรับข้าราชการอายุ 60 ปีขึ้นไป, ปรับลดภาระงานหรือเวลาทํางานสำหรับข้าราชการผู้สูงอายุ, เปิดโอกาสให้คนรุ่นใหม่เข้ามาทํางานมากขึ้นควบคู่ไปด้วย, ควรมีช่วงเวลาทดลองใช้นโยบายก่อนบังคับใช้เต็มรูปแบบ","1. ควรให้โอกาสข้าราชการมีโอกาสได้เลือกการเข้าสู่การเกษีนณอายุ60หรือ65
2. การดูแลผู้เข้าร่วมนโยบายควรเหมาะสมกับความรู้ความสามารถ และสามารถเลื่อนระดับได้ แต่ไม่ใช่การคงไว้ซึ่งตำแหน่งเดิม เช่น การเป็น ผวจ. แต่เลือกเข้านโยบายเพราะต้องการอยู่ตำแหน่งเดิมหรือที่เดิม
3. หากข้าราชการพลเรือนสามารถเลื่อนตำแหน่งได้แบบข้าราชการผู้พิพากษาหรือข้าราชการอัยการ การเกษียณอายุ 65 จะทำให้ข้าราชการพลเรือนสามารถเลือกได้ว่าจะเกษียณอายุ 60 หรือ 65 ปี เพราะหลังจากครบอายุเกษียณ ข้าราชการพลเรือนจะต้องพ้นจากตำแหน่งปกติ แต่ไปใช้ตำแหน่งเฉพาะเพื่อใช้ความรู้ความสามารถที่ตนเองมี",
2/16/2026 21:01:00,46 - 60 ปี (พ.ศ. 2523 - 2509),5,ใช่,อื่น ๆ เช่น พนักงานราชการ / outsource,"15,000 - 30,000 บาท","มากกว่า 1,000,000 บาท",ทราบและเข้าใจรายละเอียดดี,"หนังสือพิมพ์ โทรทัศน์, สื่อออนไลน์ โซเชียลมีเดีย, หน่วยงานที่สังกัด, การประชุม/สัมมนา, เว็บไซต์ราชการ","รองรับสังคมผู้สูงอายุ, ใช้ประโยชน์จากประสบการณ์ผู้มีอาวุโส",2,1,2,5,3,1,2,5,3,5,5,3,4,3,2,3,2,"ให้ข้าราชการเลือกได้ว่าจะเกษียณเมื่ออายุ 60 หรือ 65 ปี, เปิดโอกาสให้คนรุ่นใหม่เข้ามาทํางานมากขึ้นควบคู่ไปด้วย",อายุมากขึ้นสุขภาพร่างกายก็อ่อนแอลง ด้านความจำก็ลดน้อยลง อาจจะทำงานผิดพลาดได้บ่อยๆๆ,ลงความเห็นว่าใครมีความต้องการบ้าง เอาความสมัครใจ ไม่บังคับ 
2/16/2026 21:02:04,30 - 45 ปี (พ.ศ. 2539 -2524),0.8,ใช่,(ประเภทวิชาการ) ปฏิบัติการ,"15,000 - 30,000 บาท","น้อยกว่า 100,000 บาท",ทราบและเข้าใจรายละเอียดดี,สื่อออนไลน์ โซเชียลมีเดีย,"แก้ไขปัญหาการขาดแคลนกำลังคน, รองรับสังคมผู้สูงอายุ",2,2,2,2,2,2,2,2,2,2,2,2,2,2,2,2,2,"ให้ข้าราชการเลือกได้ว่าจะเกษียณเมื่ออายุ 60 หรือ 65 ปี, เพิ่มสวัสดิการด้านสุขภาพสำหรับข้าราชการผู้สูงอายุ, จัดให้มีการตรวจสุขภาพประจำปีฟรีสำหรับข้าราชการอายุ 60 ปีขึ้นไป, ปรับลดภาระงานหรือเวลาทํางานสำหรับข้าราชการผู้สูงอายุ, เปิดโอกาสให้คนรุ่นใหม่เข้ามาทํางานมากขึ้นควบคู่ไปด้วย, ควรมีช่วงเวลาทดลองใช้นโยบายก่อนบังคับใช้เต็มรูปแบบ",-,-
2/16/2026 21:17:27,18 - 29 ปี (พ.ศ. 2551 - 2540),7 ปี,ใช่,(ประเภทวิชาการ) ชำนาญการ,"15,000 - 30,000 บาท","500,001 - 1,000,000 บาท",ทราบแต่ไม่แน่ใจในรายละเอียด,"หนังสือพิมพ์ โทรทัศน์, สื่อออนไลน์ โซเชียลมีเดีย","แก้ไขปัญหาการขาดแคลนกำลังคน, รองรับสังคมผู้สูงอายุ, ใช้ประโยชน์จากประสบการณ์ผู้มีอาวุโส",3,3,3,5,4,3,3,3,3,4,4,4,3,2,2,2,2,"ให้ข้าราชการเลือกได้ว่าจะเกษียณเมื่ออายุ 60 หรือ 65 ปี, เปิดโอกาสให้คนรุ่นใหม่เข้ามาทํางานมากขึ้นควบคู่ไปด้วย, ควรมีช่วงเวลาทดลองใช้นโยบายก่อนบังคับใช้เต็มรูปแบบ",นโยบายนี้ต้องศึกษาผลกระทบให้รอบด้านเพราะบางครั้งอาจจะเป็นภาระงบประมาณในการที่รัฐต้องจ่ายให้บุคลากรที่ขยายอายุการเกษียณในฐานที่สูง บุคลากรบางคนอาจจะมีปัญหาในการใช้ digital ในการทำงาน ควรดูเฉพาะสาขาหรือตำแหน่งที่มีความขาดแคลน,อาจจะทดลองใช้ระบบการจ้างเป็นที่ปรึกษาหรือการทำเป็นสัญญาจ้างแทนการขยายอายุเกษียณราชการ
2/16/2026 21:20:41,30 - 45 ปี (พ.ศ. 2539 -2524),4.6,ใช่,อื่น ๆ เช่น พนักงานราชการ / outsource,"15,000 - 30,000 บาท","น้อยกว่า 100,000 บาท",ทราบแต่ไม่แน่ใจในรายละเอียด,"หนังสือพิมพ์ โทรทัศน์, สื่อออนไลน์ โซเชียลมีเดีย, เว็บไซต์ราชการ","รองรับสังคมผู้สูงอายุ, ลดภาระงบประมาณบำเหน็จบำนาญ, ใช้ประโยชน์จากประสบการณ์ผู้มีอาวุโส",1,3,1,3,4,1,2,5,3,4,4,4,4,3,1,3,5,"ให้ข้าราชการเลือกได้ว่าจะเกษียณเมื่ออายุ 60 หรือ 65 ปี, เปิดโอกาสให้คนรุ่นใหม่เข้ามาทํางานมากขึ้นควบคู่ไปด้วย",สำหรับวัยที่ต่างกันทำให้การประสานงานค่อยข้างยากรวมทั้งการบังคับใช้เทคโนโลยีควบคู่กับการทำงานก็ยากขึ้นด้วย,ไม่ควรมี
2/16/2026 21:31:18,18 - 29 ปี (พ.ศ. 2551 - 2540),1.1,ใช่,(ประเภทวิชาการ) ปฏิบัติการ,"15,000 - 30,000 บาท","500,001 - 1,000,000 บาท",ทราบแต่ไม่แน่ใจในรายละเอียด,สื่อออนไลน์ โซเชียลมีเดีย,"แก้ไขปัญหาการขาดแคลนกำลังคน, รองรับสังคมผู้สูงอายุ, ใช้ประโยชน์จากประสบการณ์ผู้มีอาวุโส, ตอบสนองแนวโน้มระดับสากล",2,2,1,2,4,1,1,5,2,2,4,4,2,3,2,3,4,"ให้ข้าราชการเลือกได้ว่าจะเกษียณเมื่ออายุ 60 หรือ 65 ปี, เพิ่มสวัสดิการด้านสุขภาพสำหรับข้าราชการผู้สูงอายุ, จัดให้มีการตรวจสุขภาพประจำปีฟรีสำหรับข้าราชการอายุ 60 ปีขึ้นไป, ปรับลดภาระงานหรือเวลาทํางานสำหรับข้าราชการผู้สูงอายุ, เปิดโอกาสให้คนรุ่นใหม่เข้ามาทํางานมากขึ้นควบคู่ไปด้วย, ควรมีช่วงเวลาทดลองใช้นโยบายก่อนบังคับใช้เต็มรูปแบบ",,
2/16/2026 21:40:57,30 - 45 ปี (พ.ศ. 2539 -2524),7,ใช่,(ประเภทวิชาการ) ชำนาญการ,"15,000 - 30,000 บาท",ไม่มีหนี้สิน,ทราบแต่ไม่แน่ใจในรายละเอียด,สื่อออนไลน์ โซเชียลมีเดีย,"แก้ไขปัญหาการขาดแคลนกำลังคน, รองรับสังคมผู้สูงอายุ, ลดภาระงบประมาณบำเหน็จบำนาญ",4,2,2,5,3,4,3,4,4,5,4,4,1,2,1,3,2,"ให้ข้าราชการเลือกได้ว่าจะเกษียณเมื่ออายุ 60 หรือ 65 ปี, เปิดโอกาสให้คนรุ่นใหม่เข้ามาทํางานมากขึ้นควบคู่ไปด้วย",,
2/16/2026 23:29:00,30 - 45 ปี (พ.ศ. 2539 -2524),2 ปี 7 เดือน,ใช่,อื่น ๆ เช่น พนักงานราชการ / outsource,"ต่ำกว่า 15,000 บาท",ไม่มีหนี้สิน,เคยได้ยินแต่ไม่ทราบรายละเอียด,สื่อออนไลน์ โซเชียลมีเดีย,"แก้ไขปัญหาการขาดแคลนกำลังคน, ใช้ประโยชน์จากประสบการณ์ผู้มีอาวุโส",3,5,2,5,5,2,2,5,3,5,5,3,5,2,2,3,2,เปิดโอกาสให้คนรุ่นใหม่เข้ามาทํางานมากขึ้นควบคู่ไปด้วย,คนรุ่นใหม่อาจจะหมดแรงจูงใจในการทำงาน เนื่องจากโอกาสการเติบโตในตำแหน่งที่ค่อนข้างช้า เนื่องจากมีคนรุ่นเก่าที่ไม่ยอมเกษียณ,-
2/17/2026 7:28:10,30 - 45 ปี (พ.ศ. 2539 -2524),8.5,ใช่,(ประเภทวิชาการ) ปฏิบัติการ,"45,001 - 60,000 บาท","100,001 - 500,000 บาท",เคยได้ยินแต่ไม่ทราบรายละเอียด,"หนังสือพิมพ์ โทรทัศน์, สื่อออนไลน์ โซเชียลมีเดีย","รองรับสังคมผู้สูงอายุ, ใช้ประโยชน์จากประสบการณ์ผู้มีอาวุโส",4,5,4,5,4,4,4,4,2,4,4,4,4,4,4,3,3,"ให้ข้าราชการเลือกได้ว่าจะเกษียณเมื่ออายุ 60 หรือ 65 ปี, เพิ่มสวัสดิการด้านสุขภาพสำหรับข้าราชการผู้สูงอายุ, จัดให้มีการตรวจสุขภาพประจำปีฟรีสำหรับข้าราชการอายุ 60 ปีขึ้นไป, ปรับลดภาระงานหรือเวลาทํางานสำหรับข้าราชการผู้สูงอายุ",-,-
2/17/2026 7:53:15,30 - 45 ปี (พ.ศ. 2539 -2524),7ปี,ใช่,(ประเภททั่วไป) ปฏิบัติงาน,"45,001 - 60,000 บาท","มากกว่า 1,000,000 บาท",ทราบและเข้าใจรายละเอียดดี,"หนังสือพิมพ์ โทรทัศน์, สื่อออนไลน์ โซเชียลมีเดีย, เพื่อนร่วมงาน",แก้ไขปัญหาการขาดแคลนกำลังคน,4,4,4,4,4,4,4,4,4,4,4,4,4,4,4,4,4,"ให้ข้าราชการเลือกได้ว่าจะเกษียณเมื่ออายุ 60 หรือ 65 ปี, เพิ่มสวัสดิการด้านสุขภาพสำหรับข้าราชการผู้สูงอายุ",,
2/17/2026 7:56:01,30 - 45 ปี (พ.ศ. 2539 -2524),10 ปี,ใช่,(ประเภทวิชาการ) ปฏิบัติการ,"15,000 - 30,000 บาท",ไม่มีหนี้สิน,เคยได้ยินแต่ไม่ทราบรายละเอียด,สื่อออนไลน์ โซเชียลมีเดีย,"รองรับสังคมผู้สูงอายุ, ใช้ประโยชน์จากประสบการณ์ผู้มีอาวุโส",5,5,5,4,5,4,4,3,4,3,4,4,5,4,4,4,4,"ให้ข้าราชการเลือกได้ว่าจะเกษียณเมื่ออายุ 60 หรือ 65 ปี, เพิ่มสวัสดิการด้านสุขภาพสำหรับข้าราชการผู้สูงอายุ, จัดให้มีการตรวจสุขภาพประจำปีฟรีสำหรับข้าราชการอายุ 60 ปีขึ้นไป",,
2/17/2026 8:00:15,30 - 45 ปี (พ.ศ. 2539 -2524),4.1,ใช่,(ประเภทวิชาการ) ปฏิบัติการ,"15,000 - 30,000 บาท",ไม่มีหนี้สิน,ทราบแต่ไม่แน่ใจในรายละเอียด,"หนังสือพิมพ์ โทรทัศน์, สื่อออนไลน์ โซเชียลมีเดีย","ลดภาระงบประมาณบำเหน็จบำนาญ, ใช้ประโยชน์จากประสบการณ์ผู้มีอาวุโส",3,3,3,3,3,3,2,5,5,5,2,3,4,3,3,3,3,ให้ข้าราชการเลือกได้ว่าจะเกษียณเมื่ออายุ 60 หรือ 65 ปี,,
2/17/2026 8:00:31,30 - 45 ปี (พ.ศ. 2539 -2524),8,ใช่,(ประเภททั่วไป) ปฏิบัติงาน,"45,001 - 60,000 บาท",ไม่มีหนี้สิน,ทราบแต่ไม่แน่ใจในรายละเอียด,"หนังสือพิมพ์ โทรทัศน์, สื่อออนไลน์ โซเชียลมีเดีย","แก้ไขปัญหาการขาดแคลนกำลังคน, รองรับสังคมผู้สูงอายุ, ลดภาระงบประมาณบำเหน็จบำนาญ",2,5,1,4,3,1,1,1,3,3,5,1,1,1,1,5,1,"เพิ่มสวัสดิการด้านสุขภาพสำหรับข้าราชการผู้สูงอายุ, ปรับลดภาระงานหรือเวลาทํางานสำหรับข้าราชการผู้สูงอายุ, เปิดโอกาสให้คนรุ่นใหม่เข้ามาทํางานมากขึ้นควบคู่ไปด้วย",มันจะมีประสิทธิภาพจริงๆหรอ,ระบบสมัครใจแบบมีเงื่อนไข หากจะขยายอายุเป็น65ปี ต้องไม่ใช่การขยายแบบเหมาเข่ง แต่ต้องมีการทดสอบสมรรถภาพทางกายและจิตวิทยา รวมถึงประเมินผลงาน (KPI) ที่เข้มงวดกว่าปกติ
2/17/2026 8:12:29,30 - 45 ปี (พ.ศ. 2539 -2524),14,ใช่,(ประเภททั่วไป) ชำนาญงาน,"60,001 - 75,000 บาท","มากกว่า 1,000,000 บาท",ทราบแต่ไม่แน่ใจในรายละเอียด,สื่อออนไลน์ โซเชียลมีเดีย,ไม่ทราบ/ไม่แน่ใจ,2,2,1,4,3,1,1,3,4,5,5,3,4,2,3,1,2,"ให้ข้าราชการเลือกได้ว่าจะเกษียณเมื่ออายุ 60 หรือ 65 ปี, เพิ่มสวัสดิการด้านสุขภาพสำหรับข้าราชการผู้สูงอายุ, เปิดโอกาสให้คนรุ่นใหม่เข้ามาทํางานมากขึ้นควบคู่ไปด้วย, ควรมีช่วงเวลาทดลองใช้นโยบายก่อนบังคับใช้เต็มรูปแบบ",,
2/17/2026 8:25:19,30 - 45 ปี (พ.ศ. 2539 -2524),6.4,ใช่,(ประเภททั่วไป) ปฏิบัติงาน,"45,001 - 60,000 บาท","มากกว่า 1,000,000 บาท",ทราบแต่ไม่แน่ใจในรายละเอียด,หนังสือพิมพ์ โทรทัศน์,"แก้ไขปัญหาการขาดแคลนกำลังคน, ใช้ประโยชน์จากประสบการณ์ผู้มีอาวุโส",3,3,3,3,3,3,3,2,4,4,3,4,4,3,2,4,3,"ให้ข้าราชการเลือกได้ว่าจะเกษียณเมื่ออายุ 60 หรือ 65 ปี, เพิ่มสวัสดิการด้านสุขภาพสำหรับข้าราชการผู้สูงอายุ, เปิดโอกาสให้คนรุ่นใหม่เข้ามาทํางานมากขึ้นควบคู่ไปด้วย",,
2/17/2026 8:25:29,30 - 45 ปี (พ.ศ. 2539 -2524),10.5,ใช่,(ประเภททั่วไป) ปฏิบัติงาน,"15,000 - 30,000 บาท",ไม่สะดวกตอบ,ทราบและเข้าใจรายละเอียดดี,"หนังสือพิมพ์ โทรทัศน์, สื่อออนไลน์ โซเชียลมีเดีย","แก้ไขปัญหาการขาดแคลนกำลังคน, รองรับสังคมผู้สูงอายุ, ลดภาระงบประมาณบำเหน็จบำนาญ",5,5,5,5,5,4,5,4,4,5,5,4,5,4,5,5,5,"ให้ข้าราชการเลือกได้ว่าจะเกษียณเมื่ออายุ 60 หรือ 65 ปี, เพิ่มสวัสดิการด้านสุขภาพสำหรับข้าราชการผู้สูงอายุ, จัดให้มีการตรวจสุขภาพประจำปีฟรีสำหรับข้าราชการอายุ 60 ปีขึ้นไป, เปิดโอกาสให้คนรุ่นใหม่เข้ามาทํางานมากขึ้นควบคู่ไปด้วย",ไม่,แก้ไขโดยการรับประชากรเพิ่ม สัญชาติกับเเรงงานต่างด้าว หรือเเรงงานหนุ่มสาว
2/17/2026 8:29:55,30 - 45 ปี (พ.ศ. 2539 -2524),8 ปี 3 เดือน,ใช่,(ประเภททั่วไป) ปฏิบัติงาน,"45,001 - 60,000 บาท","100,001 - 500,000 บาท",ไม่เคยทราบมาก่อน,,"แก้ไขปัญหาการขาดแคลนกำลังคน, ลดภาระงบประมาณบำเหน็จบำนาญ",3,5,4,4,5,3,4,4,4,4,4,4,4,4,4,4,4,"ให้ข้าราชการเลือกได้ว่าจะเกษียณเมื่ออายุ 60 หรือ 65 ปี, เพิ่มสวัสดิการด้านสุขภาพสำหรับข้าราชการผู้สูงอายุ",,
2/17/2026 8:50:07,30 - 45 ปี (พ.ศ. 2539 -2524),7 ปี 2 เดือน,ใช่,(ประเภททั่วไป) ปฏิบัติงาน,"45,001 - 60,000 บาท","100,001 - 500,000 บาท",ทราบและเข้าใจรายละเอียดดี,"หนังสือพิมพ์ โทรทัศน์, เพื่อนร่วมงาน","รองรับสังคมผู้สูงอายุ, ตอบสนองแนวโน้มระดับสากล",5,5,5,5,5,5,5,5,5,5,4,5,4,4,5,4,5,เพิ่มสวัสดิการด้านสุขภาพสำหรับข้าราชการผู้สูงอายุ,-,-
2/17/2026 9:12:50,30 - 45 ปี (พ.ศ. 2539 -2524),3.3,ใช่,(ประเภทวิชาการ) ปฏิบัติการ,"15,000 - 30,000 บาท",ไม่มีหนี้สิน,ทราบแต่ไม่แน่ใจในรายละเอียด,"สื่อออนไลน์ โซเชียลมีเดีย, เพื่อนร่วมงาน, หน่วยงานที่สังกัด","แก้ไขปัญหาการขาดแคลนกำลังคน, รองรับสังคมผู้สูงอายุ",4,4,5,5,4,4,5,3,3,3,4,5,3,4,4,4,4,"ให้ข้าราชการเลือกได้ว่าจะเกษียณเมื่ออายุ 60 หรือ 65 ปี, เพิ่มสวัสดิการด้านสุขภาพสำหรับข้าราชการผู้สูงอายุ, ปรับลดภาระงานหรือเวลาทํางานสำหรับข้าราชการผู้สูงอายุ, ควรมีช่วงเวลาทดลองใช้นโยบายก่อนบังคับใช้เต็มรูปแบบ",-,-
2/17/2026 10:05:39,30 - 45 ปี (พ.ศ. 2539 -2524),7ปี,ใช่,อื่น ๆ เช่น พนักงานราชการ / outsource,"ต่ำกว่า 15,000 บาท",ไม่มีหนี้สิน,ทราบแต่ไม่แน่ใจในรายละเอียด,สื่อออนไลน์ โซเชียลมีเดีย,ใช้ประโยชน์จากประสบการณ์ผู้มีอาวุโส,1,3,2,5,5,1,4,5,5,4,3,2,4,4,2,4,1,ปรับลดภาระงานหรือเวลาทํางานสำหรับข้าราชการผู้สูงอายุ,,
2/17/2026 10:11:45,30 - 45 ปี (พ.ศ. 2539 -2524),9 ปี 1 เดือน,ใช่,(ประเภททั่วไป) ปฏิบัติงาน,"60,001 - 75,000 บาท",ไม่มีหนี้สิน,ทราบแต่ไม่แน่ใจในรายละเอียด,"หนังสือพิมพ์ โทรทัศน์, สื่อออนไลน์ โซเชียลมีเดีย","แก้ไขปัญหาการขาดแคลนกำลังคน, รองรับสังคมผู้สูงอายุ",4,5,4,5,5,4,3,4,4,4,4,5,5,3,3,4,5,"ให้ข้าราชการเลือกได้ว่าจะเกษียณเมื่ออายุ 60 หรือ 65 ปี, เปิดโอกาสให้คนรุ่นใหม่เข้ามาทํางานมากขึ้นควบคู่ไปด้วย, ควรมีช่วงเวลาทดลองใช้นโยบายก่อนบังคับใช้เต็มรูปแบบ",ไม่มี,ไม่มี
2/17/2026 10:19:25,30 - 45 ปี (พ.ศ. 2539 -2524),9.4,ใช่,อื่น ๆ เช่น พนักงานราชการ / outsource,"15,000 - 30,000 บาท","น้อยกว่า 100,000 บาท",เคยได้ยินแต่ไม่ทราบรายละเอียด,เพื่อนร่วมงาน,รองรับสังคมผู้สูงอายุ,3,4,4,4,3,3,4,4,5,4,4,4,4,4,3,4,4,ให้ข้าราชการเลือกได้ว่าจะเกษียณเมื่ออายุ 60 หรือ 65 ปี,,
2/17/2026 10:48:58,18 - 29 ปี (พ.ศ. 2551 - 2540),4 ปี 6 เดือน,ใช่,(ประเภททั่วไป) ปฏิบัติงาน,"15,000 - 30,000 บาท",ไม่มีหนี้สิน,ทราบแต่ไม่แน่ใจในรายละเอียด,"สื่อออนไลน์ โซเชียลมีเดีย, เพื่อนร่วมงาน, หน่วยงานที่สังกัด","รองรับสังคมผู้สูงอายุ, ลดภาระงบประมาณบำเหน็จบำนาญ",5,5,4,4,5,3,5,4,3,5,3,4,4,5,3,4,4,ให้ข้าราชการเลือกได้ว่าจะเกษียณเมื่ออายุ 60 หรือ 65 ปี,,
2/17/2026 10:52:22,30 - 45 ปี (พ.ศ. 2539 -2524),5.1,ใช่,(ประเภทวิชาการ) ชำนาญการ,"15,000 - 30,000 บาท",ไม่มีหนี้สิน,ทราบและเข้าใจรายละเอียดดี,"หนังสือพิมพ์ โทรทัศน์, สื่อออนไลน์ โซเชียลมีเดีย, เพื่อนร่วมงาน","แก้ไขปัญหาการขาดแคลนกำลังคน, รองรับสังคมผู้สูงอายุ, ลดภาระงบประมาณบำเหน็จบำนาญ",2,4,1,3,4,1,1,4,2,5,5,3,4,4,1,3,1,ให้ข้าราชการเลือกได้ว่าจะเกษียณเมื่ออายุ 60 หรือ 65 ปี,,
2/17/2026 10:55:18,30 - 45 ปี (พ.ศ. 2539 -2524),3.9,ใช่,(ประเภทวิชาการ) ปฏิบัติการ,"15,000 - 30,000 บาท",ไม่มีหนี้สิน,ทราบและเข้าใจรายละเอียดดี,"หนังสือพิมพ์ โทรทัศน์, สื่อออนไลน์ โซเชียลมีเดีย","แก้ไขปัญหาการขาดแคลนกำลังคน, รองรับสังคมผู้สูงอายุ, ใช้ประโยชน์จากประสบการณ์ผู้มีอาวุโส",3,2,2,4,4,2,3,5,2,5,5,5,3,3,2,3,1,"ให้ข้าราชการเลือกได้ว่าจะเกษียณเมื่ออายุ 60 หรือ 65 ปี, เพิ่มสวัสดิการด้านสุขภาพสำหรับข้าราชการผู้สูงอายุ, เปิดโอกาสให้คนรุ่นใหม่เข้ามาทํางานมากขึ้นควบคู่ไปด้วย, ควรมีช่วงเวลาทดลองใช้นโยบายก่อนบังคับใช้เต็มรูปแบบ",,
2/17/2026 10:55:59,30 - 45 ปี (พ.ศ. 2539 -2524),3.11,ใช่,อื่น ๆ เช่น พนักงานราชการ / outsource,"15,000 - 30,000 บาท","100,001 - 500,000 บาท",เคยได้ยินแต่ไม่ทราบรายละเอียด,หน่วยงานที่สังกัด,ไม่ทราบ/ไม่แน่ใจ,4,3,4,4,4,5,4,3,3,3,3,3,3,3,2,2,3,"ให้ข้าราชการเลือกได้ว่าจะเกษียณเมื่ออายุ 60 หรือ 65 ปี, เปิดโอกาสให้คนรุ่นใหม่เข้ามาทํางานมากขึ้นควบคู่ไปด้วย, ควรมีช่วงเวลาทดลองใช้นโยบายก่อนบังคับใช้เต็มรูปแบบ",-,-
2/17/2026 11:02:33,30 - 45 ปี (พ.ศ. 2539 -2524),6.9,ใช่,(ประเภทวิชาการ) ชำนาญการ,"15,000 - 30,000 บาท","มากกว่า 1,000,000 บาท",ทราบและเข้าใจรายละเอียดดี,สื่อออนไลน์ โซเชียลมีเดีย,รองรับสังคมผู้สูงอายุ,3,4,1,5,5,3,2,5,5,5,5,5,5,4,5,1,1,"ให้ข้าราชการเลือกได้ว่าจะเกษียณเมื่ออายุ 60 หรือ 65 ปี, เปิดโอกาสให้คนรุ่นใหม่เข้ามาทํางานมากขึ้นควบคู่ไปด้วย, ควรมีช่วงเวลาทดลองใช้นโยบายก่อนบังคับใช้เต็มรูปแบบ",,
2/17/2026 11:05:37,30 - 45 ปี (พ.ศ. 2539 -2524),7,ใช่,(ประเภทวิชาการ) ชำนาญการ,"15,000 - 30,000 บาท",ไม่สะดวกตอบ,ทราบแต่ไม่แน่ใจในรายละเอียด,"หนังสือพิมพ์ โทรทัศน์, สื่อออนไลน์ โซเชียลมีเดีย, เพื่อนร่วมงาน",ลดภาระงบประมาณบำเหน็จบำนาญ,4,5,3,5,4,3,4,5,4,4,4,4,5,3,3,4,3,"ให้ข้าราชการเลือกได้ว่าจะเกษียณเมื่ออายุ 60 หรือ 65 ปี, เพิ่มสวัสดิการด้านสุขภาพสำหรับข้าราชการผู้สูงอายุ, ปรับลดภาระงานหรือเวลาทํางานสำหรับข้าราชการผู้สูงอายุ, เปิดโอกาสให้คนรุ่นใหม่เข้ามาทํางานมากขึ้นควบคู่ไปด้วย, ควรมีช่วงเวลาทดลองใช้นโยบายก่อนบังคับใช้เต็มรูปแบบ",กังวลถึงความคุ้มค่าเมื่อเทียบกับการให้คนรุ่นใหม่เข้ามามีโอกาสทำงาน,
2/17/2026 11:07:58,30 - 45 ปี (พ.ศ. 2539 -2524),6.5,ใช่,(ประเภททั่วไป) ชำนาญงาน,"30,001 - 45,000 บาท","น้อยกว่า 100,000 บาท",เคยได้ยินแต่ไม่ทราบรายละเอียด,"สื่อออนไลน์ โซเชียลมีเดีย, เพื่อนร่วมงาน","รองรับสังคมผู้สูงอายุ, ใช้ประโยชน์จากประสบการณ์ผู้มีอาวุโส",2,2,2,4,4,2,2,4,4,4,4,4,2,2,2,2,2,"ให้ข้าราชการเลือกได้ว่าจะเกษียณเมื่ออายุ 60 หรือ 65 ปี, เพิ่มสวัสดิการด้านสุขภาพสำหรับข้าราชการผู้สูงอายุ, จัดให้มีการตรวจสุขภาพประจำปีฟรีสำหรับข้าราชการอายุ 60 ปีขึ้นไป, เปิดโอกาสให้คนรุ่นใหม่เข้ามาทํางานมากขึ้นควบคู่ไปด้วย",-,-
2/17/2026 11:08:56,30 - 45 ปี (พ.ศ. 2539 -2524),4,ใช่,(ประเภททั่วไป) ปฏิบัติงาน,"15,000 - 30,000 บาท","มากกว่า 1,000,000 บาท",ทราบแต่ไม่แน่ใจในรายละเอียด,เพื่อนร่วมงาน,"แก้ไขปัญหาการขาดแคลนกำลังคน, รองรับสังคมผู้สูงอายุ, ลดภาระงบประมาณบำเหน็จบำนาญ, ตอบสนองแนวโน้มระดับสากล",5,4,5,4,4,4,4,4,4,4,4,4,4,4,4,4,4,เพิ่มสวัสดิการด้านสุขภาพสำหรับข้าราชการผู้สูงอายุ,,
2/17/2026 11:21:21,30 - 45 ปี (พ.ศ. 2539 -2524),1.3,ใช่,อื่น ๆ เช่น พนักงานราชการ / outsource,"15,000 - 30,000 บาท","น้อยกว่า 100,000 บาท",ทราบแต่ไม่แน่ใจในรายละเอียด,หนังสือพิมพ์ โทรทัศน์,"รองรับสังคมผู้สูงอายุ, ใช้ประโยชน์จากประสบการณ์ผู้มีอาวุโส",2,3,1,5,3,1,2,5,4,5,2,3,5,4,1,4,1,"เปิดโอกาสให้คนรุ่นใหม่เข้ามาทํางานมากขึ้นควบคู่ไปด้วย, ควรมีช่วงเวลาทดลองใช้นโยบายก่อนบังคับใช้เต็มรูปแบบ",,
2/17/2026 11:37:26,30 - 45 ปี (พ.ศ. 2539 -2524),4,ใช่,อื่น ๆ เช่น พนักงานราชการ / outsource,"15,000 - 30,000 บาท",ไม่มีหนี้สิน,เคยได้ยินแต่ไม่ทราบรายละเอียด,เพื่อนร่วมงาน,ใช้ประโยชน์จากประสบการณ์ผู้มีอาวุโส,1,1,1,1,5,1,5,5,1,1,5,5,1,1,1,1,1,"ให้ข้าราชการเลือกได้ว่าจะเกษียณเมื่ออายุ 60 หรือ 65 ปี, เปิดโอกาสให้คนรุ่นใหม่เข้ามาทํางานมากขึ้นควบคู่ไปด้วย",โลกอนาคตไปไกลเกินกว่าผู้สูงวัยจะตามทัน  (ทุกคน) เช่น เทคโนโลยี วิธีการทำงาน วิธีคิด,ไม่ควรมีการขยายอายุเกษียณราชการ ควรจะเปิดโอกาสให้เด็กรุ่นใหม่ได้ทำงาน ส่วนผู้สูงวัยบางคนที่มีสกิลเฉพาะตัว จ้างในรูปแบบที่ปรึกษา
2/17/2026 12:15:45,30 - 45 ปี (พ.ศ. 2539 -2524),4.9,ใช่,(ประเภทวิชาการ) ชำนาญการ,"15,000 - 30,000 บาท",ไม่มีหนี้สิน,เคยได้ยินแต่ไม่ทราบรายละเอียด,สื่อออนไลน์ โซเชียลมีเดีย,แก้ไขปัญหาการขาดแคลนกำลังคน,3,4,3,5,4,3,3,5,3,5,5,4,4,3,3,4,3,"ให้ข้าราชการเลือกได้ว่าจะเกษียณเมื่ออายุ 60 หรือ 65 ปี, จัดให้มีการตรวจสุขภาพประจำปีฟรีสำหรับข้าราชการอายุ 60 ปีขึ้นไป, ปรับลดภาระงานหรือเวลาทํางานสำหรับข้าราชการผู้สูงอายุ, เปิดโอกาสให้คนรุ่นใหม่เข้ามาทํางานมากขึ้นควบคู่ไปด้วย",กังวลว่าหากอายุมากขึ้น บางสายงานอาจจะทำงานได้ไม่เต็มประสิทธิภาพ เช่น สายงานที่ต้องลงมือปฏิบัติงาน,
2/17/2026 13:12:52,46 - 60 ปี (พ.ศ. 2523 - 2509),28ปี,ใช่,(ประเภทอำนวยการ) สูง,"60,001 - 75,000 บาท",ไม่มีหนี้สิน,ทราบแต่ไม่แน่ใจในรายละเอียด,หนังสือพิมพ์ โทรทัศน์,แก้ไขปัญหาการขาดแคลนกำลังคน,3,4,4,4,5,1,5,3,3,5,1,3,3,3,1,3,1,"ให้ข้าราชการเลือกได้ว่าจะเกษียณเมื่ออายุ 60 หรือ 65 ปี, เพิ่มสวัสดิการด้านสุขภาพสำหรับข้าราชการผู้สูงอายุ, จัดให้มีการตรวจสุขภาพประจำปีฟรีสำหรับข้าราชการอายุ 60 ปีขึ้นไป, ปรับลดภาระงานหรือเวลาทํางานสำหรับข้าราชการผู้สูงอายุ",กังวล เกี่ยวกับภาระงาน ค่าตอบแทน สุขภาพ ,ควรเปิดโอกาสให้สมัครใจไม่ควรบังคับ พิจารณาค่าตอบแทน และสวัสดิการต่างๆให้เหมาะสม
2/17/2026 19:02:05,18 - 29 ปี (พ.ศ. 2551 - 2540),5,ใช่,(ประเภทวิชาการ) ปฏิบัติการ,"15,000 - 30,000 บาท",ไม่มีหนี้สิน,เคยได้ยินแต่ไม่ทราบรายละเอียด,สื่อออนไลน์ โซเชียลมีเดีย,ลดภาระงบประมาณบำเหน็จบำนาญ,2,2,1,4,5,2,2,4,5,5,2,4,2,1,3,1,1,ควรสอบคัดเลือกใหม่อีกรอบ,อาจเป็นการเก็บคนไม่มีประสิทธิภาพ/มีภาระหนี้สินไว้ในระบบ มากกว่าจะดึงดูดผู้มีศักยภาพสูงให้อยู่ในระบบต่อ,แก้ระเบียบโดยปรับลด/เพิ่มเงื่อนไขในการจ่ายเงินบำนาญ/สวัสดิการครอบครัวข้าราชการน่าจะสะดวกและเป็นผลดีต่อรัฐมากกว่า
2/17/2026 20:00:56,46 - 60 ปี (พ.ศ. 2523 - 2509),19 ปี 3 เดือน,ใช่,อื่น ๆ เช่น พนักงานราชการ / outsource,"15,000 - 30,000 บาท",ไม่สะดวกตอบ,เคยได้ยินแต่ไม่ทราบรายละเอียด,สื่อออนไลน์ โซเชียลมีเดีย,ไม่ทราบ/ไม่แน่ใจ,1,2,2,3,3,1,3,5,4,4,4,4,4,4,4,4,4,ควรมีช่วงเวลาทดลองใช้นโยบายก่อนบังคับใช้เต็มรูปแบบ,ด้านสุขภาพ,สมัยนี้ อายุ 60 ปี ยังสาว หนุ่ม อีก ถ้าให้ลองปฏิบัติงานต่อ ก็ดีนะคะ
2/18/2026 10:28:26,30 - 45 ปี (พ.ศ. 2539 -2524),3.3,ใช่,(ประเภทวิชาการ) ปฏิบัติการ,"15,000 - 30,000 บาท",ไม่มีหนี้สิน,ทราบแต่ไม่แน่ใจในรายละเอียด,สื่อออนไลน์ โซเชียลมีเดีย,"แก้ไขปัญหาการขาดแคลนกำลังคน, รองรับสังคมผู้สูงอายุ, ลดภาระงบประมาณบำเหน็จบำนาญ, ใช้ประโยชน์จากประสบการณ์ผู้มีอาวุโส",5,4,1,5,4,1,1,5,1,5,5,5,5,1,1,1,1,"ให้ข้าราชการเลือกได้ว่าจะเกษียณเมื่ออายุ 60 หรือ 65 ปี, เพิ่มสวัสดิการด้านสุขภาพสำหรับข้าราชการผู้สูงอายุ, จัดให้มีการตรวจสุขภาพประจำปีฟรีสำหรับข้าราชการอายุ 60 ปีขึ้นไป, เปิดโอกาสให้คนรุ่นใหม่เข้ามาทํางานมากขึ้นควบคู่ไปด้วย, ควรมีช่วงเวลาทดลองใช้นโยบายก่อนบังคับใช้เต็มรูปแบบ",,
2/18/2026 11:02:41,30 - 45 ปี (พ.ศ. 2539 -2524),5.3,ใช่,(ประเภทวิชาการ) ปฏิบัติการ,"15,000 - 30,000 บาท",ไม่มีหนี้สิน,เคยได้ยินแต่ไม่ทราบรายละเอียด,เพื่อนร่วมงาน,รองรับสังคมผู้สูงอายุ,1,5,2,4,3,1,2,5,4,5,5,5,4,3,2,4,3,"ให้ข้าราชการเลือกได้ว่าจะเกษียณเมื่ออายุ 60 หรือ 65 ปี, เพิ่มสวัสดิการด้านสุขภาพสำหรับข้าราชการผู้สูงอายุ, จัดให้มีการตรวจสุขภาพประจำปีฟรีสำหรับข้าราชการอายุ 60 ปีขึ้นไป, เปิดโอกาสให้คนรุ่นใหม่เข้ามาทํางานมากขึ้นควบคู่ไปด้วย, ควรมีช่วงเวลาทดลองใช้นโยบายก่อนบังคับใช้เต็มรูปแบบ",,
2/18/2026 11:47:01,30 - 45 ปี (พ.ศ. 2539 -2524),5,ใช่,(ประเภทวิชาการ) ปฏิบัติการ,"15,000 - 30,000 บาท","น้อยกว่า 100,000 บาท",ทราบแต่ไม่แน่ใจในรายละเอียด,สื่อออนไลน์ โซเชียลมีเดีย,"รองรับสังคมผู้สูงอายุ, ใช้ประโยชน์จากประสบการณ์ผู้มีอาวุโส",4,5,3,2,5,3,3,3,4,2,2,5,3,1,5,5,3,ให้ข้าราชการเลือกได้ว่าจะเกษียณเมื่ออายุ 60 หรือ 65 ปี,ไม่มี,-
2/18/2026 12:08:57,30 - 45 ปี (พ.ศ. 2539 -2524),19,ใช่,อื่น ๆ เช่น พนักงานราชการ / outsource,"30,001 - 45,000 บาท","น้อยกว่า 100,000 บาท",ทราบแต่ไม่แน่ใจในรายละเอียด,เพื่อนร่วมงาน,"แก้ไขปัญหาการขาดแคลนกำลังคน, รองรับสังคมผู้สูงอายุ, ลดภาระงบประมาณบำเหน็จบำนาญ, ใช้ประโยชน์จากประสบการณ์ผู้มีอาวุโส",3,4,3,4,4,3,4,4,4,3,3,3,4,4,4,4,4,ให้ข้าราชการเลือกได้ว่าจะเกษียณเมื่ออายุ 60 หรือ 65 ปี,,
2/18/2026 13:00:39,18 - 29 ปี (พ.ศ. 2551 - 2540),2 ปี,ใช่,อื่น ๆ เช่น พนักงานราชการ / outsource,"15,000 - 30,000 บาท",ไม่มีหนี้สิน,ทราบแต่ไม่แน่ใจในรายละเอียด,"หนังสือพิมพ์ โทรทัศน์, สื่อออนไลน์ โซเชียลมีเดีย",แก้ไขปัญหาการขาดแคลนกำลังคน,3,3,2,3,3,2,2,3,3,3,2,3,3,3,2,4,3,"ให้ข้าราชการเลือกได้ว่าจะเกษียณเมื่ออายุ 60 หรือ 65 ปี, จัดให้มีการตรวจสุขภาพประจำปีฟรีสำหรับข้าราชการอายุ 60 ปีขึ้นไป, ปรับลดภาระงานหรือเวลาทํางานสำหรับข้าราชการผู้สูงอายุ, ควรมีช่วงเวลาทดลองใช้นโยบายก่อนบังคับใช้เต็มรูปแบบ",,
2/18/2026 13:20:58,18 - 29 ปี (พ.ศ. 2551 - 2540),2.6,ใช่,(ประเภททั่วไป) ปฏิบัติงาน,"15,000 - 30,000 บาท","100,001 - 500,000 บาท",เคยได้ยินแต่ไม่ทราบรายละเอียด,สื่อออนไลน์ โซเชียลมีเดีย,"แก้ไขปัญหาการขาดแคลนกำลังคน, รองรับสังคมผู้สูงอายุ",2,3,3,4,3,2,3,3,3,4,4,2,2,2,2,4,2,"ให้ข้าราชการเลือกได้ว่าจะเกษียณเมื่ออายุ 60 หรือ 65 ปี, ควรมีช่วงเวลาทดลองใช้นโยบายก่อนบังคับใช้เต็มรูปแบบ",,
2/18/2026 13:57:32,30 - 45 ปี (พ.ศ. 2541 - 2522),4,ใช่,(ประเภททั่วไป) ปฏิบัติงาน,"15,000 - 30,000 บาท",ไม่มีหนี้สิน,ทราบแต่ไม่แน่ใจในรายละเอียด,สื่อออนไลน์ โซเชียลมีเดีย,"แก้ไขปัญหาการขาดแคลนกำลังคน, รองรับสังคมผู้สูงอายุ, ใช้ประโยชน์จากประสบการณ์ผู้มีอาวุโส",4,5,4,4,4,4,3,2,3,2,3,5,3,3,4,4,5,"ให้ข้าราชการเลือกได้ว่าจะเกษียณเมื่ออายุ 60 หรือ 65 ปี, เพิ่มสวัสดิการด้านสุขภาพสำหรับข้าราชการผู้สูงอายุ, ปรับลดภาระงานหรือเวลาทํางานสำหรับข้าราชการผู้สูงอายุ, เปิดโอกาสให้คนรุ่นใหม่เข้ามาทํางานมากขึ้นควบคู่ไปด้วย, ควรมีช่วงเวลาทดลองใช้นโยบายก่อนบังคับใช้เต็มรูปแบบ",คิดว่าคนรุ่นใหม่น่าจะมีความกังวลถึงโอกาสการจ้างงานที่อาจจะลดลง อยากให้รัฐช่วยอธิบายหรือจัดการข้อกังวลนี้,
2/9/2026 15:59:07,18 - 29 ปี (พ.ศ. 2551 - 2540),2.6,ไม่ใช่,,"15,000 - 30,000 บาท","100,001 - 500,000 บาท",เคยได้ยินแต่ไม่ทราบรายละเอียด,สื่อออนไลน์ โซเชียลมีเดีย,ตอบสนองแนวโน้มระดับสากล,3,3,4,3,4,3,3,4,3,3,4,3,3,4,3,3,4,จัดให้มีการตรวจสุขภาพประจำปีฟรีสำหรับข้าราชการอายุ 60 ปีขึ้นไป,,
2/16/2026 14:56:28,46 - 60 ปี (พ.ศ. 2523 - 2509),1.11,ไม่ใช่,,"ต่ำกว่า 15,000 บาท","น้อยกว่า 100,000 บาท",ทราบแต่ไม่แน่ใจในรายละเอียด,"สื่อออนไลน์ โซเชียลมีเดีย, เว็บไซด์ราชการ","รองรับสังคมผู้สูงอายุ, ตอบสนองแนวโน้มระดับสากล",4,4,3,4,2,4,3,2,1,4,2,4,3,3,4,3,5,"ให้ข้าราชการเลือกได้ว่าจะเกษียณเมื่ออายุ 60 หรือ 65 ปี, ปรับลดภาระงานหรือเวลาทํางานสำหรับข้าราชการผู้สูงอายุ, เปิดโอกาสให้คนรุ่นใหม่เข้ามาทํางานมากขึ้นควบคู่ไปด้วย, ควรมีช่วงเวลาทดลองใช้นโยบายก่อนบังคับใช้เต็มรูปแบบ",ควรปรับรูปแบบและประเภทตำแหน่งงานให้เหมาะสมกับอายุและอัตราค่าจ้าง,ควรมีการสอบถามความสมัครใจ และกำหนดระเบียบให้ครอบคลุม ตลอดจนติดตามผลเชิงบวก และเชิงลบอย่างใกล้ชิด
2/16/2026 20:28:59,18 - 29 ปี (พ.ศ. 2551 - 2540),3.6,ไม่ใช่,,"ต่ำกว่า 15,000 บาท",ไม่มีหนี้สิน,เคยได้ยินแต่ไม่ทราบรายละเอียด,"หนังสือพิมพ์ โทรทัศน์, สื่อออนไลน์ โซเชียลมีเดีย","แก้ไขปัญหาการขาดแคลนกำลังคน, ลดภาระงบประมาณบำเหน็จบำนาญ, ใช้ประโยชน์จากประสบการณ์ผู้มีอาวุโส",3,1,3,5,5,2,2,5,3,3,2,3,3,4,5,3,4,"ให้ข้าราชการเลือกได้ว่าจะเกษียณเมื่ออายุ 60 หรือ 65 ปี, เพิ่มสวัสดิการด้านสุขภาพสำหรับข้าราชการผู้สูงอายุ, จัดให้มีการตรวจสุขภาพประจำปีฟรีสำหรับข้าราชการอายุ 60 ปีขึ้นไป, ปรับลดภาระงานหรือเวลาทํางานสำหรับข้าราชการผู้สูงอายุ, เปิดโอกาสให้คนรุ่นใหม่เข้ามาทํางานมากขึ้นควบคู่ไปด้วย, ควรมีช่วงเวลาทดลองใช้นโยบายก่อนบังคับใช้เต็มรูปแบบ",,
2/16/2026 20:38:15,30 - 45 ปี (พ.ศ. 2539 -2524),6,ไม่ใช่,,"15,000 - 30,000 บาท","น้อยกว่า 100,000 บาท",ทราบแต่ไม่แน่ใจในรายละเอียด,สื่อออนไลน์ โซเชียลมีเดีย,"แก้ไขปัญหาการขาดแคลนกำลังคน, รองรับสังคมผู้สูงอายุ, ตอบสนองแนวโน้มระดับสากล",1,1,2,4,5,1,1,5,2,5,5,5,5,5,2,4,5,"ให้ข้าราชการเลือกได้ว่าจะเกษียณเมื่ออายุ 60 หรือ 65 ปี, เพิ่มสวัสดิการด้านสุขภาพสำหรับข้าราชการผู้สูงอายุ, จัดให้มีการตรวจสุขภาพประจำปีฟรีสำหรับข้าราชการอายุ 60 ปีขึ้นไป, เปิดโอกาสให้คนรุ่นใหม่เข้ามาทํางานมากขึ้นควบคู่ไปด้วย",,
2/16/2026 20:40:36,30 - 45 ปี (พ.ศ. 2539 -2524),9.2,ไม่ใช่,,"15,000 - 30,000 บาท","100,001 - 500,000 บาท",ไม่เคยทราบมาก่อน,,ลดภาระงบประมาณบำเหน็จบำนาญ,2,2,1,4,4,2,2,5,4,5,1,2,1,1,1,1,5,เพิ่มสวัสดิการด้านสุขภาพสำหรับข้าราชการผู้สูงอายุ,,
2/16/2026 21:40:29,30 - 45 ปี (พ.ศ. 2539 -2524),31.3,ไม่ใช่,,"ต่ำกว่า 15,000 บาท","น้อยกว่า 100,000 บาท",ไม่เคยทราบมาก่อน,,"รองรับสังคมผู้สูงอายุ, ลดภาระงบประมาณบำเหน็จบำนาญ",3,2,2,3,3,2,3,4,3,4,2,2,4,3,2,2,5,ให้ข้าราชการเลือกได้ว่าจะเกษียณเมื่ออายุ 60 หรือ 65 ปี,บุคลากรอายุ60ปีสมควรแก่การพัก ,ควรเปิดโอกาสให้นักศึกษาจบใหม่บ้าง จบมาไม่มีงานทำก็เยอะ
2/17/2026 11:47:04,18 - 29 ปี (พ.ศ. 2551 - 2540),3 ปี 10 เดือน,ไม่ใช่,,"15,000 - 30,000 บาท","น้อยกว่า 100,000 บาท",ทราบและเข้าใจรายละเอียดดี,"สื่อออนไลน์ โซเชียลมีเดีย, ครอบครัว ญาติ คนรู้จัก","แก้ไขปัญหาการขาดแคลนกำลังคน, รองรับสังคมผู้สูงอายุ, ใช้ประโยชน์จากประสบการณ์ผู้มีอาวุโส, ตอบสนองแนวโน้มระดับสากล",5,4,3,4,5,4,5,4,5,3,2,5,1,2,3,1,5,"ให้ข้าราชการเลือกได้ว่าจะเกษียณเมื่ออายุ 60 หรือ 65 ปี, เพิ่มสวัสดิการด้านสุขภาพสำหรับข้าราชการผู้สูงอายุ, จัดให้มีการตรวจสุขภาพประจำปีฟรีสำหรับข้าราชการอายุ 60 ปีขึ้นไป, ปรับลดภาระงานหรือเวลาทํางานสำหรับข้าราชการผู้สูงอายุ, เปิดโอกาสให้คนรุ่นใหม่เข้ามาทํางานมากขึ้นควบคู่ไปด้วย, ควรมีช่วงเวลาทดลองใช้นโยบายก่อนบังคับใช้เต็มรูปแบบ",,
2/17/2026 12:06:01,18 - 29 ปี (พ.ศ. 2551 - 2540),6.3,ไม่ใช่,,"45,001 - 60,000 บาท","น้อยกว่า 100,000 บาท",ทราบแต่ไม่แน่ใจในรายละเอียด,สื่อออนไลน์ โซเชียลมีเดีย,"รองรับสังคมผู้สูงอายุ, ใช้ประโยชน์จากประสบการณ์ผู้มีอาวุโส",3,1,2,5,4,3,3,4,1,4,2,4,2,3,2,2,3,"ให้ข้าราชการเลือกได้ว่าจะเกษียณเมื่ออายุ 60 หรือ 65 ปี, ควรมีช่วงเวลาทดลองใช้นโยบายก่อนบังคับใช้เต็มรูปแบบ",สุขภาพของข้าราชการบางคนไม่ได้มีความพร้อใทำงานต่อเนื่องแบบตอนอายุน้อย หลัง60ในบางคนอาจจะไม่พร้อมทำงาน ควรให้เลือกได้ว่าจะทำหรือไม่ หรือเสนอเป็นการทำแบบไม่เต็มเวลางาน เนื่องจากผู้สูงอายุต้องมีารดูแลสุขภาพและการพักผ่อนให้เพียงพอ,ทำแบบเอกชนบางที่ที่มีการจ้างงานโดยลดเงินลงจากปกติแต่ลดเวลาการทำงานเหลือครึ่งเดียว เพื่อยังคงประสิทธิภาพของการทำงาน แต่กรณีที่มีบำนาญอยู่แล้ว อาจจะให้ในเงินเดือนเท่าเดิมกับตอนก่อนเกษียณ แต่ลดวันทำงานลงเล็กน้อย
2/17/2026 12:10:30,30 - 45 ปี (พ.ศ. 2539 -2524),6,ไม่ใช่,,"15,000 - 30,000 บาท",ไม่มีหนี้สิน,เคยได้ยินแต่ไม่ทราบรายละเอียด,สื่อออนไลน์ โซเชียลมีเดีย,"แก้ไขปัญหาการขาดแคลนกำลังคน, รองรับสังคมผู้สูงอายุ",2,4,3,5,2,2,3,5,3,4,4,3,5,4,2,4,5,"ให้ข้าราชการเลือกได้ว่าจะเกษียณเมื่ออายุ 60 หรือ 65 ปี, เพิ่มสวัสดิการด้านสุขภาพสำหรับข้าราชการผู้สูงอายุ, เปิดโอกาสให้คนรุ่นใหม่เข้ามาทํางานมากขึ้นควบคู่ไปด้วย, ควรมีช่วงเวลาทดลองใช้นโยบายก่อนบังคับใช้เต็มรูปแบบ",,
2/17/2026 12:14:52,46 - 60 ปี (พ.ศ. 2523 - 2509),10,ไม่ใช่,,"ต่ำกว่า 15,000 บาท",ไม่สะดวกตอบ,ไม่เคยทราบมาก่อน,,รองรับสังคมผู้สูงอายุ,5,3,5,5,5,5,5,3,5,1,1,5,2,1,4,1,5,"ให้ข้าราชการเลือกได้ว่าจะเกษียณเมื่ออายุ 60 หรือ 65 ปี, เพิ่มสวัสดิการด้านสุขภาพสำหรับข้าราชการผู้สูงอายุ, จัดให้มีการตรวจสุขภาพประจำปีฟรีสำหรับข้าราชการอายุ 60 ปีขึ้นไป, ปรับลดภาระงานหรือเวลาทํางานสำหรับข้าราชการผู้สูงอายุ, เปิดโอกาสให้คนรุ่นใหม่เข้ามาทํางานมากขึ้นควบคู่ไปด้วย, ควรมีช่วงเวลาทดลองใช้นโยบายก่อนบังคับใช้เต็มรูปแบบ",ไม่มี,ไม่มี
2/17/2026 14:30:45,18 - 29 ปี (พ.ศ. 2551 - 2540),3,ไม่ใช่,,"45,001 - 60,000 บาท",ไม่มีหนี้สิน,เคยได้ยินแต่ไม่ทราบรายละเอียด,หนังสือพิมพ์ โทรทัศน์,ลดภาระงบประมาณบำเหน็จบำนาญ,1,1,2,5,4,1,1,5,5,5,1,1,5,5,1,5,5,"ให้ข้าราชการเลือกได้ว่าจะเกษียณเมื่ออายุ 60 หรือ 65 ปี, เปิดโอกาสให้คนรุ่นใหม่เข้ามาทํางานมากขึ้นควบคู่ไปด้วย",,
2/17/2026 14:32:28,18 - 29 ปี (พ.ศ. 2551 - 2540),1,ไม่ใช่,,"15,000 - 30,000 บาท",ไม่มีหนี้สิน,ไม่เคยทราบมาก่อน,,"รองรับสังคมผู้สูงอายุ, ใช้ประโยชน์จากประสบการณ์ผู้มีอาวุโส",3,5,5,4,4,5,5,4,2,4,5,5,3,3,5,3,5,"ให้ข้าราชการเลือกได้ว่าจะเกษียณเมื่ออายุ 60 หรือ 65 ปี, เปิดโอกาสให้คนรุ่นใหม่เข้ามาทํางานมากขึ้นควบคู่ไปด้วย, ควรมีช่วงเวลาทดลองใช้นโยบายก่อนบังคับใช้เต็มรูปแบบ",,
2/17/2026 20:06:46,18 - 29 ปี (พ.ศ. 2551 - 2540),28,ไม่ใช่,,"15,000 - 30,000 บาท","น้อยกว่า 100,000 บาท",ทราบและเข้าใจรายละเอียดดี,สื่อออนไลน์ โซเชียลมีเดีย,"แก้ไขปัญหาการขาดแคลนกำลังคน, รองรับสังคมผู้สูงอายุ",3,4,3,4,5,4,4,3,1,1,5,5,3,1,4,3,5,"ให้ข้าราชการเลือกได้ว่าจะเกษียณเมื่ออายุ 60 หรือ 65 ปี, เพิ่มสวัสดิการด้านสุขภาพสำหรับข้าราชการผู้สูงอายุ, จัดให้มีการตรวจสุขภาพประจำปีฟรีสำหรับข้าราชการอายุ 60 ปีขึ้นไป, เปิดโอกาสให้คนรุ่นใหม่เข้ามาทํางานมากขึ้นควบคู่ไปด้วย, ควรมีช่วงเวลาทดลองใช้นโยบายก่อนบังคับใช้เต็มรูปแบบ",ควรพิจารณาเป็นอาชีพ ข้าราชการอย่างเช่นหมอ  อายุเกิน60ปี  อาจส่งผลกระทบต่อการทำงาน,ไม่มี
2/18/2026 0:42:32,46 - 60 ปี (พ.ศ. 2523 - 2509),2.6,ไม่ใช่,,"ต่ำกว่า 15,000 บาท",ไม่มีหนี้สิน,เคยได้ยินแต่ไม่ทราบรายละเอียด,สื่อออนไลน์ โซเชียลมีเดีย,รองรับสังคมผู้สูงอายุ,1,1,1,5,1,1,2,1,1,5,2,4,5,3,1,5,5,ให้ข้าราชการเลือกได้ว่าจะเกษียณเมื่ออายุ 60 หรือ 65 ปี,มี,
2/18/2026 11:04:10,30 - 45 ปี (พ.ศ. 2539 -2524),5 ปี,ไม่ใช่,,"30,001 - 45,000 บาท","น้อยกว่า 100,000 บาท",ทราบแต่ไม่แน่ใจในรายละเอียด,เพื่อนที่ทำงานในหน่วยงานราชการ,"แก้ไขปัญหาการขาดแคลนกำลังคน, รองรับสังคมผู้สูงอายุ",4,5,4,5,2,4,4,4,4,3,3,4,4,2,3,3,5,"ให้ข้าราชการเลือกได้ว่าจะเกษียณเมื่ออายุ 60 หรือ 65 ปี, เปิดโอกาสให้คนรุ่นใหม่เข้ามาทํางานมากขึ้นควบคู่ไปด้วย",,"1. การจ้างงานข้าราชการหรือเจ้าหน้าที่รัฐที่มีอายุมากกว่า 60 ปี ควรมีการประเมินศักยภาพและสมรรถนะในการปฏิบัติงานเป็นรายบุคคล เพื่อพิจารณาว่าสามารถปฏิบัติหน้าที่ได้อย่างมีประสิทธิภาพหรือไม่ โดยเฉพาะในตำแหน่งที่ต้องใช้กำลังกายสูง หรือจำเป็นต้องปรับตัวกับเทคโนโลยีและรูปแบบการทำงานใหม่ ๆ

2. เห็นควรให้การขยายอายุเกษียณเป็นไปในลักษณะ “สมัครใจ” มิใช่การบังคับ เพื่อเปิดโอกาสให้บุคลากรที่มีความพร้อมและประสงค์จะปฏิบัติงานต่อ สามารถทำงานได้อย่างเหมาะสม ขณะเดียวกันก็เคารพสิทธิของผู้ที่ต้องการเกษียณตามกำหนดเดิม

3. ควรเริ่มดำเนินการในสายงานที่ประสบปัญหาการขาดแคลนกำลังคน หรือสายงานที่ต้องอาศัยความเชี่ยวชาญเฉพาะทางก่อน แล้วจึงประเมินผลเพื่อพิจารณาขยายผลในส่วนงานอื่นต่อไป
"
2/18/2026 13:01:45,18 - 29 ปี (พ.ศ. 2551 - 2540),0.7,ไม่ใช่,,"15,000 - 30,000 บาท",ไม่มีหนี้สิน,เคยได้ยินแต่ไม่ทราบรายละเอียด,สื่อออนไลน์ โซเชียลมีเดีย,ไม่ทราบ/ไม่แน่ใจ,1,3,2,5,5,1,1,4,3,4,4,5,2,5,5,2,5,"เปิดโอกาสให้คนรุ่นใหม่เข้ามาทํางานมากขึ้นควบคู่ไปด้วย, ควรมีช่วงเวลาทดลองใช้นโยบายก่อนบังคับใช้เต็มรูปแบบ",,
2/18/2026 13:10:40,18 - 29 ปี (พ.ศ. 2551 - 2540),4ปี7เดือน,ไม่ใช่,,"ต่ำกว่า 15,000 บาท",ไม่สะดวกตอบ,เคยได้ยินแต่ไม่ทราบรายละเอียด,"หนังสือพิมพ์ โทรทัศน์, สื่อออนไลน์ โซเชียลมีเดีย","รองรับสังคมผู้สูงอายุ, ใช้ประโยชน์จากประสบการณ์ผู้มีอาวุโส",4,4,4,5,5,3,4,4,4,5,4,4,4,4,4,3,4,"ให้ข้าราชการเลือกได้ว่าจะเกษียณเมื่ออายุ 60 หรือ 65 ปี, เพิ่มสวัสดิการด้านสุขภาพสำหรับข้าราชการผู้สูงอายุ, จัดให้มีการตรวจสุขภาพประจำปีฟรีสำหรับข้าราชการอายุ 60 ปีขึ้นไป, ให้ทีมประกันส◌ังคม มาดูแลกองทุนเงินบำนาญ",ผู้บริหารระดับสูงอาจอยู่ในตำแหน่งนาน ไม่เปิดโอกาสให้คนรุ่นใหม่มาบริหารบ้าง ส่งผลให้ผูกขาดอำนาจเกินไป,ไม่ควรใช้กับตำแหน่งบริหารระดับสูง อนุญาตแต่กรณีเป็นที่ปรึกษา
2/18/2026 13:11:36,18 - 29 ปี (พ.ศ. 2551 - 2540),1.2 ปี,ไม่ใช่,,"15,000 - 30,000 บาท",ไม่มีหนี้สิน,ทราบแต่ไม่แน่ใจในรายละเอียด,สื่อออนไลน์ โซเชียลมีเดีย,"แก้ไขปัญหาการขาดแคลนกำลังคน, รองรับสังคมผู้สูงอายุ, ใช้ประโยชน์จากประสบการณ์ผู้มีอาวุโส",3,5,3,4,4,3,3,4,2,4,4,3,3,3,3,3,5,"ให้ข้าราชการเลือกได้ว่าจะเกษียณเมื่ออายุ 60 หรือ 65 ปี, เพิ่มสวัสดิการด้านสุขภาพสำหรับข้าราชการผู้สูงอายุ, จัดให้มีการตรวจสุขภาพประจำปีฟรีสำหรับข้าราชการอายุ 60 ปีขึ้นไป, ปรับลดภาระงานหรือเวลาทํางานสำหรับข้าราชการผู้สูงอายุ, เปิดโอกาสให้คนรุ่นใหม่เข้ามาทํางานมากขึ้นควบคู่ไปด้วย, ควรมีช่วงเวลาทดลองใช้นโยบายก่อนบังคับใช้เต็มรูปแบบ",ไม่แน่ใจ​เรื่องสมรรถภาพทางกายว่าสามารถ​ทำงานได้เต็มประสิทธิภาพ​หรือไม่ และสังคมโลกปัจจุบัน​เปลี่ยน​แปลงอย่างรวดเร็ว จะมีความพร้อมในการเรียนรู้และปรับตัวให้ทันได้หรือไม่,ควรสอบถาม​ความสมัครใจของผู้ทำงาน และกลุ่มคนที่ต้องทำงานร่วมด้วยค่ะ ว่ารู้สึกอย่างไรค่ะ
2/18/2026 13:20:58,18 - 29 ปี (พ.ศ. 2551 - 2540),2.6,ใช่,(ประเภททั่วไป) ปฏิบัติงาน,"15,000 - 30,000 บาท","100,001 - 500,000 บาท",เคยได้ยินแต่ไม่ทราบรายละเอียด,สื่อออนไลน์ โซเชียลมีเดีย,"แก้ไขปัญหาการขาดแคลนกำลังคน, รองรับสังคมผู้สูงอายุ",4,5,4,4,4,4,3,2,3,2,3,5,3,3,4,4,5,"ให้ข้าราชการเลือกได้ว่าจะเกษียณเมื่ออายุ 60 หรือ 65 ปี, ควรมีช่วงเวลาทดลองใช้นโยบายก่อนบังคับใช้เต็มรูปแบบ",,
2/18/2026 13:57:32,30 - 45 ปี (พ.ศ. 2541 - 2522),4,ใช่,(ประเภททั่วไป) ปฏิบัติงาน,"15,000 - 30,000 บาท",ไม่มีหนี้สิน,ทราบแต่ไม่แน่ใจในรายละเอียด,สื่อออนไลน์ โซเชียลมีเดีย,"แก้ไขปัญหาการขาดแคลนกำลังคน, รองรับสังคมผู้สูงอายุ, ใช้ประโยชน์จากประสบการณ์ผู้มีอาวุโส",2,4,2,4,5,4,5,1,5,5,2,5,5,3,3,2,5,"ให้ข้าราชการเลือกได้ว่าจะเกษียณเมื่ออายุ 60 หรือ 65 ปี, เพิ่มสวัสดิการด้านสุขภาพสำหรับข้าราชการผู้สูงอายุ, ปรับลดภาระงานหรือเวลาทํางานสำหรับข้าราชการผู้สูงอายุ, เปิดโอกาสให้คนรุ่นใหม่เข้ามาทํางานมากขึ้นควบคู่ไปด้วย, ควรมีช่วงเวลาทดลองใช้นโยบายก่อนบังคับใช้เต็มรูปแบบ",คิดว่าคนรุ่นใหม่น่าจะมีความกังวลถึงโอกาสการจ้างงานที่อาจจะลดลง อยากให้รัฐช่วยอธิบายหรือจัดการข้อกังวลนี้,
2/18/2026 14:16:59,30 - 45 ปี (พ.ศ. 2541 - 2522),14.9,ใช่,(ประเภทวิชาการ) ชำนาญการพิเศษ,"30,001 - 45,000 บาท","น้อยกว่า 100,000 บาท",ทราบแต่ไม่แน่ใจในรายละเอียด,สื่อออนไลน์ โซเชียลมีเดีย,แก้ไขปัญหาการขาดแคลนกำลังคน,4,4,4,5,5,4,5,2,5,4,2,5,2,2,4,3,4,"ให้ข้าราชการเลือกได้ว่าจะเกษียณเมื่ออายุ 60 หรือ 65 ปี, เพิ่มสวัสดิการด้านสุขภาพสำหรับข้าราชการผู้สูงอายุ, จัดให้มีการตรวจสุขภาพประจำปีฟรีสำหรับข้าราชการอายุ 60 ปีขึ้นไป, เปิดโอกาสให้คนรุ่นใหม่เข้ามาทํางานมากขึ้นควบคู่ไปด้วย, ควรมีช่วงเวลาทดลองใช้นโยบายก่อนบังคับใช้เต็มรูปแบบ",,
2/18/2026 14:21:04,30 - 45 ปี (พ.ศ. 2541 - 2522),11,ใช่,(ประเภทวิชาการ) ชำนาญการ,"30,001 - 45,000 บาท","500,001 - 1,000,000 บาท",เคยได้ยินแต่ไม่ทราบรายละเอียด,"หนังสือพิมพ์ โทรทัศน์, สื่อออนไลน์ โซเชียลมีเดีย","แก้ไขปัญหาการขาดแคลนกำลังคน, ใช้ประโยชน์จากประสบการณ์ผู้มีอาวุโส",3,3,3,5,5,3,3,3,4,3,3,4,2,3,3,3,3,"ให้ข้าราชการเลือกได้ว่าจะเกษียณเมื่ออายุ 60 หรือ 65 ปี, เพิ่มสวัสดิการด้านสุขภาพสำหรับข้าราชการผู้สูงอายุ, จัดให้มีการตรวจสุขภาพประจำปีฟรีสำหรับข้าราชการอายุ 60 ปีขึ้นไป",-,นโยบายขยายอายุราชการ ควรเป็นไปตามความสมัครใจของข้าราชการในแต่ละราย และควรพิจารณาถึงความสามารถ ความเหมาะสมของข้าราชการในแต่ละราย 
2/18/2026 14:21:24,30 - 45 ปี (พ.ศ. 2541 - 2522),9 ปี,ใช่,(ประเภทวิชาการ) ชำนาญการ,"15,000 - 30,000 บาท","น้อยกว่า 100,000 บาท",ทราบแต่ไม่แน่ใจในรายละเอียด,สื่อออนไลน์ โซเชียลมีเดีย,"แก้ไขปัญหาการขาดแคลนกำลังคน, รองรับสังคมผู้สูงอายุ, ใช้ประโยชน์จากประสบการณ์ผู้มีอาวุโส",3,3,3,5,3,2,1,5,3,5,3,2,3,4,4,4,5,"ให้ข้าราชการเลือกได้ว่าจะเกษียณเมื่ออายุ 60 หรือ 65 ปี, มีการประเมินผลสัมฤทธิ์และความสามารถว่า เจ้าหน้าที่ยังสามารถทำงานได้อย่างมีประสิทธิภาพ หรือขับเคลื่อนองค์กรให้บรรลุผลสำเร็จได้หรือไม่",,
2/18/2026 14:28:00,30 - 45 ปี (พ.ศ. 2541 - 2522),6,ใช่,(ประเภททั่วไป) ปฏิบัติงาน,"15,000 - 30,000 บาท",ไม่มีหนี้สิน,ทราบและเข้าใจรายละเอียดดี,"เพื่อนร่วมงาน, หน่วยงานที่สังกัด, การประชุม/สัมมนา, เว็บไซต์ราชการ","แก้ไขปัญหาการขาดแคลนกำลังคน, ลดภาระงบประมาณบำเหน็จบำนาญ, ใช้ประโยชน์จากประสบการณ์ผู้มีอาวุโส, ตอบสนองแนวโน้มระดับสากล",3,4,3,4,3,4,3,4,3,3,5,4,3,3,4,3,4,เปิดโอกาสให้คนรุ่นใหม่เข้ามาทํางานมากขึ้นควบคู่ไปด้วย,,
2/18/2026 14:32:13,18 - 29 ปี (พ.ศ. 2551 - 2540),5,ใช่,อื่น ๆ เช่น พนักงานราชการ / outsource,"ต่ำกว่า 15,000 บาท",ไม่มีหนี้สิน,ทราบแต่ไม่แน่ใจในรายละเอียด,สื่อออนไลน์ โซเชียลมีเดีย,ไม่ทราบ/ไม่แน่ใจ,2,2,2,2,2,2,3,2,4,3,2,2,3,4,3,2,2,ควรมีช่วงเวลาทดลองใช้นโยบายก่อนบังคับใช้เต็มรูปแบบ,-,-
2/18/2026 14:33:52,30 - 45 ปี (พ.ศ. 2541 - 2522),1ปี6เดือน,ใช่,(ประเภทวิชาการ) ปฏิบัติการ,"15,000 - 30,000 บาท","100,001 - 500,000 บาท",ทราบแต่ไม่แน่ใจในรายละเอียด,สื่อออนไลน์ โซเชียลมีเดีย,"แก้ไขปัญหาการขาดแคลนกำลังคน, รองรับสังคมผู้สูงอายุ, ลดภาระงบประมาณบำเหน็จบำนาญ",2,4,2,5,5,1,1,1,4,1,1,1,3,2,1,5,1,"ให้ข้าราชการเลือกได้ว่าจะเกษียณเมื่ออายุ 60 หรือ 65 ปี, เปิดโอกาสให้คนรุ่นใหม่เข้ามาทํางานมากขึ้นควบคู่ไปด้วย, ควรมีช่วงเวลาทดลองใช้นโยบายก่อนบังคับใช้เต็มรูปแบบ",,
2/18/2026 14:58:31,30 - 45 ปี (พ.ศ. 2541 - 2522),31,ใช่,(ประเภทวิชาการ) ชำนาญการ,"30,001 - 45,000 บาท",ไม่มีหนี้สิน,ทราบแต่ไม่แน่ใจในรายละเอียด,สื่อออนไลน์ โซเชียลมีเดีย,รองรับสังคมผู้สูงอายุ,4,4,4,5,4,5,4,3,4,3,3,3,3,4,4,4,4,ให้ข้าราชการเลือกได้ว่าจะเกษียณเมื่ออายุ 60 หรือ 65 ปี,,
2/18/2026 15:00:51,46 - 60 ปี (พ.ศ. 2523 - 2509),28,ใช่,(ประเภทวิชาการ) เชี่ยวชาญ,"45,001 - 60,000 บาท","มากกว่า 1,000,000 บาท",ทราบแต่ไม่แน่ใจในรายละเอียด,"สื่อออนไลน์ โซเชียลมีเดีย, เพื่อนร่วมงาน","รองรับสังคมผู้สูงอายุ, ลดภาระงบประมาณบำเหน็จบำนาญ",3,5,4,5,4,3,3,4,4,4,4,4,4,3,3,4,3,เปิดโอกาสให้คนรุ่นใหม่เข้ามาทํางานมากขึ้นควบคู่ไปด้วย,ไม่,ไม่
2/18/2026 15:45:46,30 - 45 ปี (พ.ศ. 2541 - 2522),12.3,ใช่,(ประเภทวิชาการ) ชำนาญการ,"30,001 - 45,000 บาท","มากกว่า 1,000,000 บาท",ทราบแต่ไม่แน่ใจในรายละเอียด,"สื่อออนไลน์ โซเชียลมีเดีย, เพื่อนร่วมงาน","แก้ไขปัญหาการขาดแคลนกำลังคน, รองรับสังคมผู้สูงอายุ, ใช้ประโยชน์จากประสบการณ์ผู้มีอาวุโส",2,4,2,3,4,1,2,5,3,5,4,3,4,1,2,4,2,"ให้ข้าราชการเลือกได้ว่าจะเกษียณเมื่ออายุ 60 หรือ 65 ปี, เพิ่มสวัสดิการด้านสุขภาพสำหรับข้าราชการผู้สูงอายุ",-,-
2/18/2026 18:37:55,30 - 45 ปี (พ.ศ. 2541 - 2522),3.9,ใช่,อื่น ๆ เช่น พนักงานราชการ / outsource,"15,000 - 30,000 บาท","น้อยกว่า 100,000 บาท",เคยได้ยินแต่ไม่ทราบรายละเอียด,"สื่อออนไลน์ โซเชียลมีเดีย, เพื่อนร่วมงาน","แก้ไขปัญหาการขาดแคลนกำลังคน, รองรับสังคมผู้สูงอายุ, ลดภาระงบประมาณบำเหน็จบำนาญ",3,4,3,4,4,3,4,4,4,2,3,4,4,4,4,4,3,"ให้ข้าราชการเลือกได้ว่าจะเกษียณเมื่ออายุ 60 หรือ 65 ปี, เพิ่มสวัสดิการด้านสุขภาพสำหรับข้าราชการผู้สูงอายุ, เปิดโอกาสให้คนรุ่นใหม่เข้ามาทํางานมากขึ้นควบคู่ไปด้วย, ควรมีช่วงเวลาทดลองใช้นโยบายก่อนบังคับใช้เต็มรูปแบบ",,
2/19/2026 9:51:20,30 - 45 ปี (พ.ศ. 2541 - 2522),8.1,ใช่,(ประเภททั่วไป) ชำนาญงาน,"45,001 - 60,000 บาท","มากกว่า 1,000,000 บาท",เคยได้ยินแต่ไม่ทราบรายละเอียด,เพื่อนร่วมงาน,"แก้ไขปัญหาการขาดแคลนกำลังคน, รองรับสังคมผู้สูงอายุ",3,3,2,2,2,3,2,2,3,3,2,2,4,4,4,4,4,ควรมีช่วงเวลาทดลองใช้นโยบายก่อนบังคับใช้เต็มรูปแบบ,-,-
2/18/2026 14:24:24,18 - 29 ปี (พ.ศ. 2551 - 2540),3,ไม่ใช่,,"45,001 - 60,000 บาท",ไม่มีหนี้สิน,เคยได้ยินแต่ไม่ทราบรายละเอียด,เพื่อนร่วมงาน,ไม่ทราบ/ไม่แน่ใจ,4,4,3,5,2,3,1,4,3,5,5,4,4,4,3,3,5,"เปิดโอกาสให้คนรุ่นใหม่เข้ามาทํางานมากขึ้นควบคู่ไปด้วย, ควรมีช่วงเวลาทดลองใช้นโยบายก่อนบังคับใช้เต็มรูปแบบ",,
2/18/2026 14:27:31,18 - 29 ปี (พ.ศ. 2551 - 2540),7,ไม่ใช่,,"90,001 บาทขึ้นไป",ไม่มีหนี้สิน,ทราบแต่ไม่แน่ใจในรายละเอียด,เพื่อนร่วมงาน,"แก้ไขปัญหาการขาดแคลนกำลังคน, รองรับสังคมผู้สูงอายุ",4,4,3,5,2,5,4,3,3,3,4,4,4,2,3,5,4,ให้ข้าราชการเลือกได้ว่าจะเกษียณเมื่ออายุ 60 หรือ 65 ปี,ไม่กังวล,อยากให้ข้าราชกาลมีสวัสดิการที่ครอบคุมกว่านี้
2/18/2026 18:42:39,18 - 29 ปี (พ.ศ. 2551 - 2540),ยังไมาทำงาน,ไม่ใช่,,"ต่ำกว่า 15,000 บาท",ไม่มีหนี้สิน,ไม่เคยทราบมาก่อน,,แก้ไขปัญหาการขาดแคลนกำลังคน,,,,,,,,,,,,,,,,,,,,